5.00266075134277,NaN, NaN,0.00000, 0.00000,-0.06964, -0.08557, 0.45996,-0.00357, -0.10033, 0.49586,-0.02655, -0.07659, 0.55434,-0.04462, -0.09475, 0.56311,-0.06900, -0.11922, 0.54551,-0.09465, -0.12999, 0.52575,0.06793, -0.10305, 0.47576,0.01498, -0.13687, 0.50217,0.01758, -0.15485, 0.54051,0.03867, -0.16347, 0.55108,0.07179, -0.16355, 0.55144,0.10484, -0.16124, 0.53092,NaN,NaN
5.01970767974854,NaN, NaN,0.00000, 0.00000,-0.07038, -0.08313, 0.45930,-0.00533, -0.09693, 0.49725,-0.02950, -0.07524, 0.55277,-0.04810, -0.09029, 0.56328,-0.07186, -0.11490, 0.54479,-0.09599, -0.12604, 0.52396,0.06904, -0.09745, 0.47908,0.01512, -0.12804, 0.51122,0.02210, -0.14770, 0.54770,0.04138, -0.15742, 0.55345,0.07219, -0.15794, 0.55313,0.10304, -0.15693, 0.53225,NaN,NaN
5.02509498596191,NaN, NaN,0.00000, 0.00000,-0.07038, -0.08313, 0.45930,-0.00533, -0.09693, 0.49725,-0.02950, -0.07524, 0.55277,-0.04810, -0.09029, 0.56328,-0.07186, -0.11490, 0.54479,-0.09599, -0.12604, 0.52396,0.06904, -0.09745, 0.47908,0.01512, -0.12804, 0.51122,0.02210, -0.14770, 0.54770,0.04138, -0.15742, 0.55345,0.07219, -0.15794, 0.55313,0.10304, -0.15693, 0.53225,NaN,NaN
5.02994060516357,NaN, NaN,0.00000, 0.00000,-0.07038, -0.08313, 0.45930,-0.00533, -0.09693, 0.49725,-0.02950, -0.07524, 0.55277,-0.04810, -0.09029, 0.56328,-0.07186, -0.11490, 0.54479,-0.09599, -0.12604, 0.52396,0.06904, -0.09745, 0.47908,0.01512, -0.12804, 0.51122,0.02210, -0.14770, 0.54770,0.04138, -0.15742, 0.55345,0.07219, -0.15794, 0.55313,0.10304, -0.15693, 0.53225,NaN,NaN
5.03451061248779,NaN, NaN,0.00000, 0.00000,-0.07038, -0.08313, 0.45930,-0.00533, -0.09693, 0.49725,-0.02950, -0.07524, 0.55277,-0.04810, -0.09029, 0.56328,-0.07186, -0.11490, 0.54479,-0.09599, -0.12604, 0.52396,0.06904, -0.09745, 0.47908,0.01512, -0.12804, 0.51122,0.02210, -0.14770, 0.54770,0.04138, -0.15742, 0.55345,0.07219, -0.15794, 0.55313,0.10304, -0.15693, 0.53225,NaN,NaN
5.03880882263184,NaN, NaN,0.00000, 0.00000,-0.07038, -0.08313, 0.45930,-0.00533, -0.09693, 0.49725,-0.02950, -0.07524, 0.55277,-0.04810, -0.09029, 0.56328,-0.07186, -0.11490, 0.54479,-0.09599, -0.12604, 0.52396,0.06904, -0.09745, 0.47908,0.01512, -0.12804, 0.51122,0.02210, -0.14770, 0.54770,0.04138, -0.15742, 0.55345,0.07219, -0.15794, 0.55313,0.10304, -0.15693, 0.53225,NaN,NaN
5.04601764678955,NaN, NaN,0.00000, 0.00000,-0.07066, -0.07975, 0.45860,-0.00705, -0.09440, 0.49780,-0.02895, -0.07945, 0.54903,-0.04755, -0.09303, 0.55922,-0.07216, -0.11257, 0.54349,-0.09515, -0.12245, 0.52141,0.07057, -0.08972, 0.47855,0.00979, -0.11733, 0.51004,0.02373, -0.13727, 0.55149,0.04250, -0.15150, 0.55191,0.07067, -0.15549, 0.54774,0.09742, -0.15396, 0.52596,NaN,NaN
5.051513671875,NaN, NaN,0.00000, 0.00000,-0.07066, -0.07975, 0.45860,-0.00705, -0.09440, 0.49780,-0.02895, -0.07945, 0.54903,-0.04755, -0.09303, 0.55922,-0.07216, -0.11257, 0.54349,-0.09515, -0.12245, 0.52141,0.07057, -0.08972, 0.47855,0.00979, -0.11733, 0.51004,0.02373, -0.13727, 0.55149,0.04250, -0.15150, 0.55191,0.07067, -0.15549, 0.54774,0.09742, -0.15396, 0.52596,NaN,NaN
5.0576057434082,NaN, NaN,0.00000, 0.00000,-0.07066, -0.07975, 0.45860,-0.00705, -0.09440, 0.49780,-0.02895, -0.07945, 0.54903,-0.04755, -0.09303, 0.55922,-0.07216, -0.11257, 0.54349,-0.09515, -0.12245, 0.52141,0.07057, -0.08972, 0.47855,0.00979, -0.11733, 0.51004,0.02373, -0.13727, 0.55149,0.04250, -0.15150, 0.55191,0.07067, -0.15549, 0.54774,0.09742, -0.15396, 0.52596,NaN,NaN
5.06378269195557,NaN, NaN,0.00000, 0.00000,-0.07125, -0.07782, 0.45828,-0.00893, -0.09404, 0.49807,-0.02810, -0.08271, 0.54545,-0.04696, -0.09522, 0.55460,-0.07158, -0.11229, 0.54108,-0.09436, -0.12083, 0.52015,0.07208, -0.08681, 0.47825,0.00929, -0.11104, 0.51133,0.02559, -0.13214, 0.55278,0.04443, -0.14698, 0.55312,0.07116, -0.15210, 0.54673,0.09579, -0.15039, 0.52527,NaN,NaN
5.06904697418213,NaN, NaN,0.00000, 0.00000,-0.07125, -0.07782, 0.45828,-0.00893, -0.09404, 0.49807,-0.02810, -0.08271, 0.54545,-0.04696, -0.09522, 0.55460,-0.07158, -0.11229, 0.54108,-0.09436, -0.12083, 0.52015,0.07208, -0.08681, 0.47825,0.00929, -0.11104, 0.51133,0.02559, -0.13214, 0.55278,0.04443, -0.14698, 0.55312,0.07116, -0.15210, 0.54673,0.09579, -0.15039, 0.52527,NaN,NaN
5.07297420501709,NaN, NaN,0.00000, 0.00000,-0.07125, -0.07782, 0.45828,-0.00893, -0.09404, 0.49807,-0.02810, -0.08271, 0.54545,-0.04696, -0.09522, 0.55460,-0.07158, -0.11229, 0.54108,-0.09436, -0.12083, 0.52015,0.07208, -0.08681, 0.47825,0.00929, -0.11104, 0.51133,0.02559, -0.13214, 0.55278,0.04443, -0.14698, 0.55312,0.07116, -0.15210, 0.54673,0.09579, -0.15039, 0.52527,NaN,NaN
5.08046722412109,NaN, NaN,0.00000, 0.00000,-0.07177, -0.07545, 0.45797,-0.01093, -0.09283, 0.49896,-0.02793, -0.08422, 0.54148,-0.04677, -0.09522, 0.54993,-0.07085, -0.11077, 0.53810,-0.09250, -0.11862, 0.51820,0.07231, -0.08615, 0.47905,0.00918, -0.11010, 0.51225,0.02597, -0.13113, 0.55304,0.04446, -0.14616, 0.55238,0.07000, -0.15131, 0.54537,0.09359, -0.14858, 0.52558,NaN,NaN
5.08561897277832,NaN, NaN,0.00000, 0.00000,-0.07177, -0.07545, 0.45797,-0.01093, -0.09283, 0.49896,-0.02793, -0.08422, 0.54148,-0.04677, -0.09522, 0.54993,-0.07085, -0.11077, 0.53810,-0.09250, -0.11862, 0.51820,0.07231, -0.08615, 0.47905,0.00918, -0.11010, 0.51225,0.02597, -0.13113, 0.55304,0.04446, -0.14616, 0.55238,0.07000, -0.15131, 0.54537,0.09359, -0.14858, 0.52558,NaN,NaN
5.09004974365234,NaN, NaN,0.00000, 0.00000,-0.07177, -0.07545, 0.45797,-0.01093, -0.09283, 0.49896,-0.02793, -0.08422, 0.54148,-0.04677, -0.09522, 0.54993,-0.07085, -0.11077, 0.53810,-0.09250, -0.11862, 0.51820,0.07231, -0.08615, 0.47905,0.00918, -0.11010, 0.51225,0.02597, -0.13113, 0.55304,0.04446, -0.14616, 0.55238,0.07000, -0.15131, 0.54537,0.09359, -0.14858, 0.52558,NaN,NaN
5.09752178192139,NaN, NaN,0.00000, 0.00000,-0.07177, -0.07545, 0.45797,-0.01093, -0.09283, 0.49896,-0.02793, -0.08422, 0.54148,-0.04677, -0.09522, 0.54993,-0.07085, -0.11077, 0.53810,-0.09250, -0.11862, 0.51820,0.07231, -0.08615, 0.47905,0.00918, -0.11010, 0.51225,0.02597, -0.13113, 0.55304,0.04446, -0.14616, 0.55238,0.07000, -0.15131, 0.54537,0.09359, -0.14858, 0.52558,NaN,NaN
5.10464668273926,NaN, NaN,0.00000, 0.00000,-0.07202, -0.07234, 0.45800,-0.01264, -0.09351, 0.49864,-0.02722, -0.08691, 0.53647,-0.04610, -0.09583, 0.54573,-0.06912, -0.11036, 0.53393,-0.08765, -0.11786, 0.51186,0.07168, -0.08502, 0.48059,0.00909, -0.10954, 0.51467,0.02779, -0.12970, 0.55621,0.04542, -0.14588, 0.55159,0.06913, -0.15052, 0.54302,0.09146, -0.14586, 0.52543,NaN,NaN
5.10923004150391,NaN, NaN,0.00000, 0.00000,-0.07202, -0.07234, 0.45800,-0.01264, -0.09351, 0.49864,-0.02722, -0.08691, 0.53647,-0.04610, -0.09583, 0.54573,-0.06912, -0.11036, 0.53393,-0.08765, -0.11786, 0.51186,0.07168, -0.08502, 0.48059,0.00909, -0.10954, 0.51467,0.02779, -0.12970, 0.55621,0.04542, -0.14588, 0.55159,0.06913, -0.15052, 0.54302,0.09146, -0.14586, 0.52543,NaN,NaN
5.11732196807861,NaN, NaN,0.00000, 0.00000,-0.07202, -0.07234, 0.45800,-0.01264, -0.09351, 0.49864,-0.02722, -0.08691, 0.53647,-0.04610, -0.09583, 0.54573,-0.06912, -0.11036, 0.53393,-0.08765, -0.11786, 0.51186,0.07168, -0.08502, 0.48059,0.00909, -0.10954, 0.51467,0.02779, -0.12970, 0.55621,0.04542, -0.14588, 0.55159,0.06913, -0.15052, 0.54302,0.09146, -0.14586, 0.52543,NaN,NaN
5.12125778198242,NaN, NaN,0.00000, 0.00000,-0.07204, -0.07012, 0.45818,-0.01389, -0.09326, 0.49898,-0.02763, -0.08686, 0.53419,-0.04637, -0.09416, 0.54423,-0.06844, -0.10874, 0.53166,-0.08450, -0.11606, 0.50588,0.07196, -0.08380, 0.48114,0.00945, -0.10812, 0.51504,0.02838, -0.12648, 0.55940,0.04557, -0.14439, 0.55179,0.06812, -0.14919, 0.54167,0.08945, -0.14376, 0.52484,NaN,NaN
5.12625789642334,NaN, NaN,0.00000, 0.00000,-0.07204, -0.07012, 0.45818,-0.01389, -0.09326, 0.49898,-0.02763, -0.08686, 0.53419,-0.04637, -0.09416, 0.54423,-0.06844, -0.10874, 0.53166,-0.08450, -0.11606, 0.50588,0.07196, -0.08380, 0.48114,0.00945, -0.10812, 0.51504,0.02838, -0.12648, 0.55940,0.04557, -0.14439, 0.55179,0.06812, -0.14919, 0.54167,0.08945, -0.14376, 0.52484,NaN,NaN
5.13378047943115,NaN, NaN,0.00000, 0.00000,-0.07204, -0.07012, 0.45818,-0.01389, -0.09326, 0.49898,-0.02763, -0.08686, 0.53419,-0.04637, -0.09416, 0.54423,-0.06844, -0.10874, 0.53166,-0.08450, -0.11606, 0.50588,0.07196, -0.08380, 0.48114,0.00945, -0.10812, 0.51504,0.02838, -0.12648, 0.55940,0.04557, -0.14439, 0.55179,0.06812, -0.14919, 0.54167,0.08945, -0.14376, 0.52484,NaN,NaN
5.14114665985107,NaN, NaN,0.00000, 0.00000,-0.07216, -0.06699, 0.45739,-0.01577, -0.09225, 0.49856,-0.02854, -0.08591, 0.53159,-0.04667, -0.09307, 0.54044,-0.06710, -0.10843, 0.52470,-0.08210, -0.11319, 0.49767,0.07143, -0.08216, 0.48052,0.01073, -0.10760, 0.51331,0.02744, -0.12245, 0.56208,0.04433, -0.14260, 0.55214,0.06637, -0.14732, 0.54169,0.08670, -0.14135, 0.52420,NaN,NaN
5.1457633972168,NaN, NaN,0.00000, 0.00000,-0.07216, -0.06699, 0.45739,-0.01577, -0.09225, 0.49856,-0.02854, -0.08591, 0.53159,-0.04667, -0.09307, 0.54044,-0.06710, -0.10843, 0.52470,-0.08210, -0.11319, 0.49767,0.07143, -0.08216, 0.48052,0.01073, -0.10760, 0.51331,0.02744, -0.12245, 0.56208,0.04433, -0.14260, 0.55214,0.06637, -0.14732, 0.54169,0.08670, -0.14135, 0.52420,NaN,NaN
5.15104007720947,NaN, NaN,0.00000, 0.00000,-0.07216, -0.06699, 0.45739,-0.01577, -0.09225, 0.49856,-0.02854, -0.08591, 0.53159,-0.04667, -0.09307, 0.54044,-0.06710, -0.10843, 0.52470,-0.08210, -0.11319, 0.49767,0.07143, -0.08216, 0.48052,0.01073, -0.10760, 0.51331,0.02744, -0.12245, 0.56208,0.04433, -0.14260, 0.55214,0.06637, -0.14732, 0.54169,0.08670, -0.14135, 0.52420,NaN,NaN
5.15836334228516,NaN, NaN,0.00000, 0.00000,-0.07216, -0.06699, 0.45739,-0.01577, -0.09225, 0.49856,-0.02854, -0.08591, 0.53159,-0.04667, -0.09307, 0.54044,-0.06710, -0.10843, 0.52470,-0.08210, -0.11319, 0.49767,0.07143, -0.08216, 0.48052,0.01073, -0.10760, 0.51331,0.02744, -0.12245, 0.56208,0.04433, -0.14260, 0.55214,0.06637, -0.14732, 0.54169,0.08670, -0.14135, 0.52420,NaN,NaN
5.16506004333496,NaN, NaN,0.00000, 0.00000,-0.07102, -0.06520, 0.45678,-0.01585, -0.09360, 0.49627,-0.02668, -0.08743, 0.52910,-0.04349, -0.09692, 0.53388,-0.06303, -0.11266, 0.51314,-0.07901, -0.11221, 0.48816,0.07084, -0.08114, 0.48030,0.01105, -0.10563, 0.51326,0.02801, -0.11910, 0.56436,0.04408, -0.14043, 0.55400,0.06577, -0.14481, 0.54430,0.08503, -0.13889, 0.52498,NaN,NaN
5.169921875,NaN, NaN,0.00000, 0.00000,-0.07102, -0.06520, 0.45678,-0.01585, -0.09360, 0.49627,-0.02668, -0.08743, 0.52910,-0.04349, -0.09692, 0.53388,-0.06303, -0.11266, 0.51314,-0.07901, -0.11221, 0.48816,0.07084, -0.08114, 0.48030,0.01105, -0.10563, 0.51326,0.02801, -0.11910, 0.56436,0.04408, -0.14043, 0.55400,0.06577, -0.14481, 0.54430,0.08503, -0.13889, 0.52498,NaN,NaN
5.1740779876709,NaN, NaN,0.00000, 0.00000,-0.07102, -0.06520, 0.45678,-0.01585, -0.09360, 0.49627,-0.02668, -0.08743, 0.52910,-0.04349, -0.09692, 0.53388,-0.06303, -0.11266, 0.51314,-0.07901, -0.11221, 0.48816,0.07084, -0.08114, 0.48030,0.01105, -0.10563, 0.51326,0.02801, -0.11910, 0.56436,0.04408, -0.14043, 0.55400,0.06577, -0.14481, 0.54430,0.08503, -0.13889, 0.52498,NaN,NaN
5.18165111541748,NaN, NaN,0.00000, 0.00000,-0.07025, -0.06449, 0.45773,-0.01482, -0.09321, 0.49505,-0.02383, -0.08917, 0.52489,-0.03858, -0.10030, 0.52737,-0.05714, -0.11601, 0.50261,-0.07435, -0.11267, 0.48190,0.07082, -0.08011, 0.48009,0.01121, -0.10346, 0.51325,0.02880, -0.11591, 0.56583,0.04413, -0.13834, 0.55451,0.06516, -0.14281, 0.54389,0.08416, -0.13672, 0.52500,NaN,NaN
5.18648433685303,NaN, NaN,0.00000, 0.00000,-0.07025, -0.06449, 0.45773,-0.01482, -0.09321, 0.49505,-0.02383, -0.08917, 0.52489,-0.03858, -0.10030, 0.52737,-0.05714, -0.11601, 0.50261,-0.07435, -0.11267, 0.48190,0.07082, -0.08011, 0.48009,0.01121, -0.10346, 0.51325,0.02880, -0.11591, 0.56583,0.04413, -0.13834, 0.55451,0.06516, -0.14281, 0.54389,0.08416, -0.13672, 0.52500,NaN,NaN
5.19101047515869,NaN, NaN,0.00000, 0.00000,-0.07025, -0.06449, 0.45773,-0.01482, -0.09321, 0.49505,-0.02383, -0.08917, 0.52489,-0.03858, -0.10030, 0.52737,-0.05714, -0.11601, 0.50261,-0.07435, -0.11267, 0.48190,0.07082, -0.08011, 0.48009,0.01121, -0.10346, 0.51325,0.02880, -0.11591, 0.56583,0.04413, -0.13834, 0.55451,0.06516, -0.14281, 0.54389,0.08416, -0.13672, 0.52500,NaN,NaN
5.19860076904297,NaN, NaN,0.00000, 0.00000,-0.07025, -0.06449, 0.45773,-0.01482, -0.09321, 0.49505,-0.02383, -0.08917, 0.52489,-0.03858, -0.10030, 0.52737,-0.05714, -0.11601, 0.50261,-0.07435, -0.11267, 0.48190,0.07082, -0.08011, 0.48009,0.01121, -0.10346, 0.51325,0.02880, -0.11591, 0.56583,0.04413, -0.13834, 0.55451,0.06516, -0.14281, 0.54389,0.08416, -0.13672, 0.52500,NaN,NaN
5.20284175872803,NaN, NaN,0.00000, 0.00000,-0.06795, -0.06401, 0.45738,-0.01351, -0.09264, 0.49205,-0.01814, -0.09001, 0.51580,-0.03107, -0.10312, 0.51155,-0.04965, -0.11647, 0.48999,-0.06920, -0.11148, 0.47467,0.07065, -0.07840, 0.48000,0.01227, -0.10069, 0.51364,0.02912, -0.11002, 0.56797,0.04317, -0.13391, 0.55635,0.06263, -0.14009, 0.54258,0.08075, -0.13453, 0.52344,NaN,NaN
5.21035480499268,NaN, NaN,0.00000, 0.00000,-0.06795, -0.06401, 0.45738,-0.01351, -0.09264, 0.49205,-0.01814, -0.09001, 0.51580,-0.03107, -0.10312, 0.51155,-0.04965, -0.11647, 0.48999,-0.06920, -0.11148, 0.47467,0.07065, -0.07840, 0.48000,0.01227, -0.10069, 0.51364,0.02912, -0.11002, 0.56797,0.04317, -0.13391, 0.55635,0.06263, -0.14009, 0.54258,0.08075, -0.13453, 0.52344,NaN,NaN
5.21556663513184,NaN, NaN,0.00000, 0.00000,-0.06795, -0.06401, 0.45738,-0.01351, -0.09264, 0.49205,-0.01814, -0.09001, 0.51580,-0.03107, -0.10312, 0.51155,-0.04965, -0.11647, 0.48999,-0.06920, -0.11148, 0.47467,0.07065, -0.07840, 0.48000,0.01227, -0.10069, 0.51364,0.02912, -0.11002, 0.56797,0.04317, -0.13391, 0.55635,0.06263, -0.14009, 0.54258,0.08075, -0.13453, 0.52344,NaN,NaN
5.21990585327148,NaN, NaN,0.00000, 0.00000,-0.06585, -0.06411, 0.45683,-0.01278, -0.09464, 0.48903,-0.01436, -0.09295, 0.50846,-0.02652, -0.10622, 0.50219,-0.04600, -0.11733, 0.48196,-0.06712, -0.11118, 0.46991,0.07052, -0.07701, 0.48052,0.01417, -0.09972, 0.51492,0.02930, -0.10491, 0.57025,0.04306, -0.12996, 0.55872,0.06101, -0.13790, 0.54153,0.07833, -0.13283, 0.52180,NaN,NaN
5.22500991821289,NaN, NaN,0.00000, 0.00000,-0.06585, -0.06411, 0.45683,-0.01278, -0.09464, 0.48903,-0.01436, -0.09295, 0.50846,-0.02652, -0.10622, 0.50219,-0.04600, -0.11733, 0.48196,-0.06712, -0.11118, 0.46991,0.07052, -0.07701, 0.48052,0.01417, -0.09972, 0.51492,0.02930, -0.10491, 0.57025,0.04306, -0.12996, 0.55872,0.06101, -0.13790, 0.54153,0.07833, -0.13283, 0.52180,NaN,NaN
5.23209476470947,NaN, NaN,0.00000, 0.00000,-0.06585, -0.06411, 0.45683,-0.01278, -0.09464, 0.48903,-0.01436, -0.09295, 0.50846,-0.02652, -0.10622, 0.50219,-0.04600, -0.11733, 0.48196,-0.06712, -0.11118, 0.46991,0.07052, -0.07701, 0.48052,0.01417, -0.09972, 0.51492,0.02930, -0.10491, 0.57025,0.04306, -0.12996, 0.55872,0.06101, -0.13790, 0.54153,0.07833, -0.13283, 0.52180,NaN,NaN
5.23957252502441,NaN, NaN,0.00000, 0.00000,-0.06585, -0.06411, 0.45683,-0.01278, -0.09464, 0.48903,-0.01436, -0.09295, 0.50846,-0.02652, -0.10622, 0.50219,-0.04600, -0.11733, 0.48196,-0.06712, -0.11118, 0.46991,0.07052, -0.07701, 0.48052,0.01417, -0.09972, 0.51492,0.02930, -0.10491, 0.57025,0.04306, -0.12996, 0.55872,0.06101, -0.13790, 0.54153,0.07833, -0.13283, 0.52180,NaN,NaN
5.24368000030518,NaN, NaN,0.00000, 0.00000,-0.06463, -0.06347, 0.45486,-0.01330, -0.09588, 0.48603,-0.01287, -0.09503, 0.50076,-0.02411, -0.10795, 0.49466,-0.04427, -0.11725, 0.47622,-0.06605, -0.11076, 0.46668,0.06981, -0.07623, 0.47959,0.01661, -0.10274, 0.51212,0.02690, -0.10830, 0.56615,0.04182, -0.13276, 0.55504,0.05977, -0.13879, 0.53708,0.07765, -0.13255, 0.51854,NaN,NaN
5.24879932403564,NaN, NaN,0.00000, 0.00000,-0.06463, -0.06347, 0.45486,-0.01330, -0.09588, 0.48603,-0.01287, -0.09503, 0.50076,-0.02411, -0.10795, 0.49466,-0.04427, -0.11725, 0.47622,-0.06605, -0.11076, 0.46668,0.06981, -0.07623, 0.47959,0.01661, -0.10274, 0.51212,0.02690, -0.10830, 0.56615,0.04182, -0.13276, 0.55504,0.05977, -0.13879, 0.53708,0.07765, -0.13255, 0.51854,NaN,NaN
5.25370788574219,NaN, NaN,0.00000, 0.00000,-0.06463, -0.06347, 0.45486,-0.01330, -0.09588, 0.48603,-0.01287, -0.09503, 0.50076,-0.02411, -0.10795, 0.49466,-0.04427, -0.11725, 0.47622,-0.06605, -0.11076, 0.46668,0.06981, -0.07623, 0.47959,0.01661, -0.10274, 0.51212,0.02690, -0.10830, 0.56615,0.04182, -0.13276, 0.55504,0.05977, -0.13879, 0.53708,0.07765, -0.13255, 0.51854,NaN,NaN
5.26110553741455,NaN, NaN,0.00000, 0.00000,-0.06484, -0.06305, 0.45423,-0.01431, -0.09685, 0.48494,-0.01372, -0.09693, 0.49668,-0.02413, -0.10953, 0.49155,-0.04426, -0.11768, 0.47502,-0.06604, -0.11095, 0.46615,0.06938, -0.07589, 0.47853,0.01918, -0.10377, 0.50967,0.02549, -0.11183, 0.56195,0.04024, -0.13532, 0.54987,0.05877, -0.13919, 0.53365,0.07782, -0.13194, 0.51825,NaN,NaN
5.26590156555176,NaN, NaN,0.00000, 0.00000,-0.06484, -0.06305, 0.45423,-0.01431, -0.09685, 0.48494,-0.01372, -0.09693, 0.49668,-0.02413, -0.10953, 0.49155,-0.04426, -0.11768, 0.47502,-0.06604, -0.11095, 0.46615,0.06938, -0.07589, 0.47853,0.01918, -0.10377, 0.50967,0.02549, -0.11183, 0.56195,0.04024, -0.13532, 0.54987,0.05877, -0.13919, 0.53365,0.07782, -0.13194, 0.51825,NaN,NaN
5.27053165435791,NaN, NaN,0.00000, 0.00000,-0.06484, -0.06305, 0.45423,-0.01431, -0.09685, 0.48494,-0.01372, -0.09693, 0.49668,-0.02413, -0.10953, 0.49155,-0.04426, -0.11768, 0.47502,-0.06604, -0.11095, 0.46615,0.06938, -0.07589, 0.47853,0.01918, -0.10377, 0.50967,0.02549, -0.11183, 0.56195,0.04024, -0.13532, 0.54987,0.05877, -0.13919, 0.53365,0.07782, -0.13194, 0.51825,NaN,NaN
5.27523708343506,NaN, NaN,0.00000, 0.00000,-0.06484, -0.06305, 0.45423,-0.01431, -0.09685, 0.48494,-0.01372, -0.09693, 0.49668,-0.02413, -0.10953, 0.49155,-0.04426, -0.11768, 0.47502,-0.06604, -0.11095, 0.46615,0.06938, -0.07589, 0.47853,0.01918, -0.10377, 0.50967,0.02549, -0.11183, 0.56195,0.04024, -0.13532, 0.54987,0.05877, -0.13919, 0.53365,0.07782, -0.13194, 0.51825,NaN,NaN
5.28026390075684,NaN, NaN,0.00000, 0.00000,-0.06610, -0.06264, 0.45345,-0.01602, -0.09718, 0.48454,-0.01601, -0.09797, 0.49427,-0.02584, -0.11035, 0.48988,-0.04554, -0.11772, 0.47590,-0.06695, -0.11103, 0.46709,0.06918, -0.07550, 0.47764,0.02142, -0.10278, 0.50777,0.02480, -0.11263, 0.56047,0.03882, -0.13634, 0.54640,0.05772, -0.13900, 0.53231,0.07779, -0.13109, 0.51933,NaN,NaN
5.28641700744629,NaN, NaN,0.00000, 0.00000,-0.06610, -0.06264, 0.45345,-0.01602, -0.09718, 0.48454,-0.01601, -0.09797, 0.49427,-0.02584, -0.11035, 0.48988,-0.04554, -0.11772, 0.47590,-0.06695, -0.11103, 0.46709,0.06918, -0.07550, 0.47764,0.02142, -0.10278, 0.50777,0.02480, -0.11263, 0.56047,0.03882, -0.13634, 0.54640,0.05772, -0.13900, 0.53231,0.07779, -0.13109, 0.51933,NaN,NaN
5.290696144104,NaN, NaN,0.00000, 0.00000,-0.06610, -0.06264, 0.45345,-0.01602, -0.09718, 0.48454,-0.01601, -0.09797, 0.49427,-0.02584, -0.11035, 0.48988,-0.04554, -0.11772, 0.47590,-0.06695, -0.11103, 0.46709,0.06918, -0.07550, 0.47764,0.02142, -0.10278, 0.50777,0.02480, -0.11263, 0.56047,0.03882, -0.13634, 0.54640,0.05772, -0.13900, 0.53231,0.07779, -0.13109, 0.51933,NaN,NaN
5.29528617858887,NaN, NaN,0.00000, 0.00000,-0.06610, -0.06264, 0.45345,-0.01602, -0.09718, 0.48454,-0.01601, -0.09797, 0.49427,-0.02584, -0.11035, 0.48988,-0.04554, -0.11772, 0.47590,-0.06695, -0.11103, 0.46709,0.06918, -0.07550, 0.47764,0.02142, -0.10278, 0.50777,0.02480, -0.11263, 0.56047,0.03882, -0.13634, 0.54640,0.05772, -0.13900, 0.53231,0.07779, -0.13109, 0.51933,NaN,NaN
5.30023670196533,NaN, NaN,0.00000, 0.00000,-0.06806, -0.06172, 0.45224,-0.01786, -0.09745, 0.48273,-0.01808, -0.09885, 0.49224,-0.02749, -0.11092, 0.48957,-0.04665, -0.11797, 0.47938,-0.06757, -0.11137, 0.46974,0.06934, -0.07464, 0.47829,0.02442, -0.10127, 0.50855,0.02542, -0.11023, 0.56227,0.03901, -0.13528, 0.54593,0.05813, -0.13740, 0.53273,0.07824, -0.12942, 0.51984,NaN,NaN
5.30600357055664,NaN, NaN,0.00000, 0.00000,-0.06806, -0.06172, 0.45224,-0.01786, -0.09745, 0.48273,-0.01808, -0.09885, 0.49224,-0.02749, -0.11092, 0.48957,-0.04665, -0.11797, 0.47938,-0.06757, -0.11137, 0.46974,0.06934, -0.07464, 0.47829,0.02442, -0.10127, 0.50855,0.02542, -0.11023, 0.56227,0.03901, -0.13528, 0.54593,0.05813, -0.13740, 0.53273,0.07824, -0.12942, 0.51984,NaN,NaN
5.31330108642578,NaN, NaN,0.00000, 0.00000,-0.06806, -0.06172, 0.45224,-0.01786, -0.09745, 0.48273,-0.01808, -0.09885, 0.49224,-0.02749, -0.11092, 0.48957,-0.04665, -0.11797, 0.47938,-0.06757, -0.11137, 0.46974,0.06934, -0.07464, 0.47829,0.02442, -0.10127, 0.50855,0.02542, -0.11023, 0.56227,0.03901, -0.13528, 0.54593,0.05813, -0.13740, 0.53273,0.07824, -0.12942, 0.51984,NaN,NaN
5.32031440734863,NaN, NaN,0.00000, 0.00000,-0.07139, -0.05852, 0.45123,-0.02190, -0.09373, 0.48466,-0.02344, -0.09469, 0.49311,-0.03250, -0.10598, 0.49478,-0.05183, -0.11241, 0.48852,-0.07152, -0.10758, 0.47650,0.06887, -0.07417, 0.47965,0.02666, -0.10254, 0.50938,0.02501, -0.10821, 0.56462,0.03947, -0.13421, 0.54658,0.05856, -0.13638, 0.53322,0.07756, -0.12868, 0.51744,NaN,NaN
5.32443904876709,NaN, NaN,0.00000, 0.00000,-0.07139, -0.05852, 0.45123,-0.02190, -0.09373, 0.48466,-0.02344, -0.09469, 0.49311,-0.03250, -0.10598, 0.49478,-0.05183, -0.11241, 0.48852,-0.07152, -0.10758, 0.47650,0.06887, -0.07417, 0.47965,0.02666, -0.10254, 0.50938,0.02501, -0.10821, 0.56462,0.03947, -0.13421, 0.54658,0.05856, -0.13638, 0.53322,0.07756, -0.12868, 0.51744,NaN,NaN
5.33157348632813,NaN, NaN,0.00000, 0.00000,-0.07139, -0.05852, 0.45123,-0.02190, -0.09373, 0.48466,-0.02344, -0.09469, 0.49311,-0.03250, -0.10598, 0.49478,-0.05183, -0.11241, 0.48852,-0.07152, -0.10758, 0.47650,0.06887, -0.07417, 0.47965,0.02666, -0.10254, 0.50938,0.02501, -0.10821, 0.56462,0.03947, -0.13421, 0.54658,0.05856, -0.13638, 0.53322,0.07756, -0.12868, 0.51744,NaN,NaN
5.33882236480713,NaN, NaN,0.00000, 0.00000,-0.07139, -0.05852, 0.45123,-0.02190, -0.09373, 0.48466,-0.02344, -0.09469, 0.49311,-0.03250, -0.10598, 0.49478,-0.05183, -0.11241, 0.48852,-0.07152, -0.10758, 0.47650,0.06887, -0.07417, 0.47965,0.02666, -0.10254, 0.50938,0.02501, -0.10821, 0.56462,0.03947, -0.13421, 0.54658,0.05856, -0.13638, 0.53322,0.07756, -0.12868, 0.51744,NaN,NaN
5.34560203552246,NaN, NaN,0.00000, 0.00000,-0.07570, -0.05662, 0.45093,-0.02801, -0.09170, 0.48881,-0.03207, -0.09160, 0.49740,-0.04239, -0.09925, 0.50597,-0.06283, -0.10550, 0.49876,-0.08106, -0.10296, 0.48402,0.06870, -0.07340, 0.48072,0.02762, -0.10428, 0.50940,0.02263, -0.11073, 0.56176,0.03797, -0.13352, 0.54275,0.05800, -0.13465, 0.53471,0.07576, -0.12845, 0.51410,NaN,NaN
5.3505220413208,NaN, NaN,0.00000, 0.00000,-0.07570, -0.05662, 0.45093,-0.02801, -0.09170, 0.48881,-0.03207, -0.09160, 0.49740,-0.04239, -0.09925, 0.50597,-0.06283, -0.10550, 0.49876,-0.08106, -0.10296, 0.48402,0.06870, -0.07340, 0.48072,0.02762, -0.10428, 0.50940,0.02263, -0.11073, 0.56176,0.03797, -0.13352, 0.54275,0.05800, -0.13465, 0.53471,0.07576, -0.12845, 0.51410,NaN,NaN
5.35810375213623,NaN, NaN,0.00000, 0.00000,-0.07570, -0.05662, 0.45093,-0.02801, -0.09170, 0.48881,-0.03207, -0.09160, 0.49740,-0.04239, -0.09925, 0.50597,-0.06283, -0.10550, 0.49876,-0.08106, -0.10296, 0.48402,0.06870, -0.07340, 0.48072,0.02762, -0.10428, 0.50940,0.02263, -0.11073, 0.56176,0.03797, -0.13352, 0.54275,0.05800, -0.13465, 0.53471,0.07576, -0.12845, 0.51410,NaN,NaN
5.36303997039795,NaN, NaN,0.00000, 0.00000,-0.07883, -0.05633, 0.45093,-0.03134, -0.09146, 0.49066,-0.03714, -0.09049, 0.50057,-0.04900, -0.09382, 0.51605,-0.07012, -0.10123, 0.50579,-0.08794, -0.10081, 0.48872,0.06904, -0.07218, 0.48072,0.02927, -0.10571, 0.50868,0.02156, -0.11365, 0.55639,0.03719, -0.13203, 0.54086,0.05800, -0.13260, 0.53672,0.07514, -0.12763, 0.51261,NaN,NaN
5.36913967132568,NaN, NaN,0.00000, 0.00000,-0.07883, -0.05633, 0.45093,-0.03134, -0.09146, 0.49066,-0.03714, -0.09049, 0.50057,-0.04900, -0.09382, 0.51605,-0.07012, -0.10123, 0.50579,-0.08794, -0.10081, 0.48872,0.06904, -0.07218, 0.48072,0.02927, -0.10571, 0.50868,0.02156, -0.11365, 0.55639,0.03719, -0.13203, 0.54086,0.05800, -0.13260, 0.53672,0.07514, -0.12763, 0.51261,NaN,NaN
5.37314128875732,NaN, NaN,0.00000, 0.00000,-0.07883, -0.05633, 0.45093,-0.03134, -0.09146, 0.49066,-0.03714, -0.09049, 0.50057,-0.04900, -0.09382, 0.51605,-0.07012, -0.10123, 0.50579,-0.08794, -0.10081, 0.48872,0.06904, -0.07218, 0.48072,0.02927, -0.10571, 0.50868,0.02156, -0.11365, 0.55639,0.03719, -0.13203, 0.54086,0.05800, -0.13260, 0.53672,0.07514, -0.12763, 0.51261,NaN,NaN
5.38100337982178,NaN, NaN,0.00000, 0.00000,-0.08215, -0.05551, 0.45115,-0.03386, -0.09028, 0.49209,-0.04164, -0.08960, 0.50357,-0.05507, -0.08829, 0.52553,-0.07708, -0.09652, 0.51373,-0.09472, -0.09840, 0.49392,0.06956, -0.07093, 0.48020,0.03121, -0.10708, 0.50722,0.02097, -0.11552, 0.55068,0.03652, -0.13057, 0.54010,0.05814, -0.13071, 0.53853,0.07467, -0.12697, 0.51082,NaN,NaN
5.38605308532715,NaN, NaN,0.00000, 0.00000,-0.08215, -0.05551, 0.45115,-0.03386, -0.09028, 0.49209,-0.04164, -0.08960, 0.50357,-0.05507, -0.08829, 0.52553,-0.07708, -0.09652, 0.51373,-0.09472, -0.09840, 0.49392,0.06956, -0.07093, 0.48020,0.03121, -0.10708, 0.50722,0.02097, -0.11552, 0.55068,0.03652, -0.13057, 0.54010,0.05814, -0.13071, 0.53853,0.07467, -0.12697, 0.51082,NaN,NaN
5.39401721954346,NaN, NaN,0.00000, 0.00000,-0.08215, -0.05551, 0.45115,-0.03386, -0.09028, 0.49209,-0.04164, -0.08960, 0.50357,-0.05507, -0.08829, 0.52553,-0.07708, -0.09652, 0.51373,-0.09472, -0.09840, 0.49392,0.06956, -0.07093, 0.48020,0.03121, -0.10708, 0.50722,0.02097, -0.11552, 0.55068,0.03652, -0.13057, 0.54010,0.05814, -0.13071, 0.53853,0.07467, -0.12697, 0.51082,NaN,NaN
5.3983097076416,NaN, NaN,0.00000, 0.00000,-0.08215, -0.05551, 0.45115,-0.03386, -0.09028, 0.49209,-0.04164, -0.08960, 0.50357,-0.05507, -0.08829, 0.52553,-0.07708, -0.09652, 0.51373,-0.09472, -0.09840, 0.49392,0.06956, -0.07093, 0.48020,0.03121, -0.10708, 0.50722,0.02097, -0.11552, 0.55068,0.03652, -0.13057, 0.54010,0.05814, -0.13071, 0.53853,0.07467, -0.12697, 0.51082,NaN,NaN
5.40247440338135,NaN, NaN,0.00000, 0.00000,-0.08527, -0.05391, 0.45183,-0.03513, -0.08688, 0.49379,-0.04492, -0.08770, 0.50629,-0.05931, -0.08259, 0.53188,-0.08276, -0.09034, 0.52204,-0.10107, -0.09465, 0.50112,0.07042, -0.06901, 0.47985,0.03404, -0.10760, 0.50642,0.02094, -0.11550, 0.54520,0.03590, -0.12749, 0.54144,0.05842, -0.12741, 0.54220,0.07408, -0.12561, 0.51018,NaN,NaN
5.40688896179199,NaN, NaN,0.00000, 0.00000,-0.08527, -0.05391, 0.45183,-0.03513, -0.08688, 0.49379,-0.04492, -0.08770, 0.50629,-0.05931, -0.08259, 0.53188,-0.08276, -0.09034, 0.52204,-0.10107, -0.09465, 0.50112,0.07042, -0.06901, 0.47985,0.03404, -0.10760, 0.50642,0.02094, -0.11550, 0.54520,0.03590, -0.12749, 0.54144,0.05842, -0.12741, 0.54220,0.07408, -0.12561, 0.51018,NaN,NaN
5.41417121887207,NaN, NaN,0.00000, 0.00000,-0.08527, -0.05391, 0.45183,-0.03513, -0.08688, 0.49379,-0.04492, -0.08770, 0.50629,-0.05931, -0.08259, 0.53188,-0.08276, -0.09034, 0.52204,-0.10107, -0.09465, 0.50112,0.07042, -0.06901, 0.47985,0.03404, -0.10760, 0.50642,0.02094, -0.11550, 0.54520,0.03590, -0.12749, 0.54144,0.05842, -0.12741, 0.54220,0.07408, -0.12561, 0.51018,NaN,NaN
5.41850852966309,NaN, NaN,0.00000, 0.00000,-0.08527, -0.05391, 0.45183,-0.03513, -0.08688, 0.49379,-0.04492, -0.08770, 0.50629,-0.05931, -0.08259, 0.53188,-0.08276, -0.09034, 0.52204,-0.10107, -0.09465, 0.50112,0.07042, -0.06901, 0.47985,0.03404, -0.10760, 0.50642,0.02094, -0.11550, 0.54520,0.03590, -0.12749, 0.54144,0.05842, -0.12741, 0.54220,0.07408, -0.12561, 0.51018,NaN,NaN
5.42646789550781,NaN, NaN,0.00000, 0.00000,-0.08743, -0.05206, 0.45220,-0.03599, -0.08432, 0.49375,-0.04647, -0.08675, 0.50749,-0.06089, -0.08021, 0.53353,-0.08626, -0.08544, 0.52786,-0.10646, -0.09071, 0.50732,0.07152, -0.06607, 0.47962,0.03748, -0.10644, 0.50708,0.02133, -0.11395, 0.53753,0.03543, -0.12245, 0.54348,0.05859, -0.12265, 0.54547,0.07328, -0.12308, 0.51048,NaN,NaN
5.43113613128662,NaN, NaN,0.00000, 0.00000,-0.08743, -0.05206, 0.45220,-0.03599, -0.08432, 0.49375,-0.04647, -0.08675, 0.50749,-0.06089, -0.08021, 0.53353,-0.08626, -0.08544, 0.52786,-0.10646, -0.09071, 0.50732,0.07152, -0.06607, 0.47962,0.03748, -0.10644, 0.50708,0.02133, -0.11395, 0.53753,0.03543, -0.12245, 0.54348,0.05859, -0.12265, 0.54547,0.07328, -0.12308, 0.51048,NaN,NaN
5.4356803894043,NaN, NaN,0.00000, 0.00000,-0.08743, -0.05206, 0.45220,-0.03599, -0.08432, 0.49375,-0.04647, -0.08675, 0.50749,-0.06089, -0.08021, 0.53353,-0.08626, -0.08544, 0.52786,-0.10646, -0.09071, 0.50732,0.07152, -0.06607, 0.47962,0.03748, -0.10644, 0.50708,0.02133, -0.11395, 0.53753,0.03543, -0.12245, 0.54348,0.05859, -0.12265, 0.54547,0.07328, -0.12308, 0.51048,NaN,NaN
5.44336128234863,NaN, NaN,0.00000, 0.00000,-0.08917, -0.04925, 0.45195,-0.03722, -0.08080, 0.49346,-0.04797, -0.08386, 0.50814,-0.06233, -0.07735, 0.53299,-0.08862, -0.08112, 0.52962,-0.10986, -0.08648, 0.50955,0.07241, -0.06388, 0.47961,0.04002, -0.10473, 0.50873,0.02268, -0.11285, 0.53195,0.03597, -0.11950, 0.54344,0.05921, -0.11988, 0.54534,0.07363, -0.12083, 0.51139,NaN,NaN
5.44970798492432,NaN, NaN,0.00000, 0.00000,-0.08917, -0.04925, 0.45195,-0.03722, -0.08080, 0.49346,-0.04797, -0.08386, 0.50814,-0.06233, -0.07735, 0.53299,-0.08862, -0.08112, 0.52962,-0.10986, -0.08648, 0.50955,0.07241, -0.06388, 0.47961,0.04002, -0.10473, 0.50873,0.02268, -0.11285, 0.53195,0.03597, -0.11950, 0.54344,0.05921, -0.11988, 0.54534,0.07363, -0.12083, 0.51139,NaN,NaN
5.45387840270996,NaN, NaN,0.00000, 0.00000,-0.08917, -0.04925, 0.45195,-0.03722, -0.08080, 0.49346,-0.04797, -0.08386, 0.50814,-0.06233, -0.07735, 0.53299,-0.08862, -0.08112, 0.52962,-0.10986, -0.08648, 0.50955,0.07241, -0.06388, 0.47961,0.04002, -0.10473, 0.50873,0.02268, -0.11285, 0.53195,0.03597, -0.11950, 0.54344,0.05921, -0.11988, 0.54534,0.07363, -0.12083, 0.51139,NaN,NaN
5.46130084991455,NaN, NaN,0.00000, 0.00000,-0.09083, -0.04498, 0.45118,-0.03880, -0.07599, 0.49289,-0.04960, -0.07925, 0.50838,-0.06382, -0.07279, 0.53198,-0.09063, -0.07562, 0.53008,-0.11247, -0.08089, 0.51024,0.07356, -0.06130, 0.47933,0.04240, -0.10167, 0.51079,0.02442, -0.11001, 0.52885,0.03722, -0.11592, 0.54269,0.06037, -0.11678, 0.54380,0.07473, -0.11774, 0.51225,NaN,NaN
5.4659423828125,NaN, NaN,0.00000, 0.00000,-0.09083, -0.04498, 0.45118,-0.03880, -0.07599, 0.49289,-0.04960, -0.07925, 0.50838,-0.06382, -0.07279, 0.53198,-0.09063, -0.07562, 0.53008,-0.11247, -0.08089, 0.51024,0.07356, -0.06130, 0.47933,0.04240, -0.10167, 0.51079,0.02442, -0.11001, 0.52885,0.03722, -0.11592, 0.54269,0.06037, -0.11678, 0.54380,0.07473, -0.11774, 0.51225,NaN,NaN
5.47072124481201,NaN, NaN,0.00000, 0.00000,-0.09083, -0.04498, 0.45118,-0.03880, -0.07599, 0.49289,-0.04960, -0.07925, 0.50838,-0.06382, -0.07279, 0.53198,-0.09063, -0.07562, 0.53008,-0.11247, -0.08089, 0.51024,0.07356, -0.06130, 0.47933,0.04240, -0.10167, 0.51079,0.02442, -0.11001, 0.52885,0.03722, -0.11592, 0.54269,0.06037, -0.11678, 0.54380,0.07473, -0.11774, 0.51225,NaN,NaN
5.47732067108154,NaN, NaN,0.00000, 0.00000,-0.09083, -0.04498, 0.45118,-0.03880, -0.07599, 0.49289,-0.04960, -0.07925, 0.50838,-0.06382, -0.07279, 0.53198,-0.09063, -0.07562, 0.53008,-0.11247, -0.08089, 0.51024,0.07356, -0.06130, 0.47933,0.04240, -0.10167, 0.51079,0.02442, -0.11001, 0.52885,0.03722, -0.11592, 0.54269,0.06037, -0.11678, 0.54380,0.07473, -0.11774, 0.51225,NaN,NaN
5.48482799530029,NaN, NaN,0.00000, 0.00000,-0.09391, -0.03729, 0.44863,-0.04226, -0.06659, 0.49166,-0.05236, -0.06941, 0.50836,-0.06684, -0.06265, 0.53114,-0.09339, -0.06621, 0.52848,-0.11586, -0.07176, 0.50929,0.07522, -0.05747, 0.47817,0.04426, -0.09663, 0.51193,0.02577, -0.10422, 0.52588,0.03833, -0.10922, 0.54314,0.06163, -0.11138, 0.54344,0.07535, -0.11340, 0.51163,NaN,NaN
5.48968410491943,NaN, NaN,0.00000, 0.00000,-0.09391, -0.03729, 0.44863,-0.04226, -0.06659, 0.49166,-0.05236, -0.06941, 0.50836,-0.06684, -0.06265, 0.53114,-0.09339, -0.06621, 0.52848,-0.11586, -0.07176, 0.50929,0.07522, -0.05747, 0.47817,0.04426, -0.09663, 0.51193,0.02577, -0.10422, 0.52588,0.03833, -0.10922, 0.54314,0.06163, -0.11138, 0.54344,0.07535, -0.11340, 0.51163,NaN,NaN
5.49739933013916,NaN, NaN,0.00000, 0.00000,-0.09391, -0.03729, 0.44863,-0.04226, -0.06659, 0.49166,-0.05236, -0.06941, 0.50836,-0.06684, -0.06265, 0.53114,-0.09339, -0.06621, 0.52848,-0.11586, -0.07176, 0.50929,0.07522, -0.05747, 0.47817,0.04426, -0.09663, 0.51193,0.02577, -0.10422, 0.52588,0.03833, -0.10922, 0.54314,0.06163, -0.11138, 0.54344,0.07535, -0.11340, 0.51163,NaN,NaN
5.50501537322998,NaN, NaN,0.00000, 0.00000,-0.09613, -0.02918, 0.44613,-0.04478, -0.05701, 0.49015,-0.05387, -0.05819, 0.50873,-0.06871, -0.05085, 0.53126,-0.09481, -0.05670, 0.52666,-0.11690, -0.06306, 0.50702,0.07645, -0.05331, 0.47629,0.04465, -0.09239, 0.51092,0.02633, -0.09891, 0.52075,0.03841, -0.10191, 0.54455,0.06215, -0.10521, 0.54434,0.07587, -0.10875, 0.51298,NaN,NaN
5.50988483428955,NaN, NaN,0.00000, 0.00000,-0.09613, -0.02918, 0.44613,-0.04478, -0.05701, 0.49015,-0.05387, -0.05819, 0.50873,-0.06871, -0.05085, 0.53126,-0.09481, -0.05670, 0.52666,-0.11690, -0.06306, 0.50702,0.07645, -0.05331, 0.47629,0.04465, -0.09239, 0.51092,0.02633, -0.09891, 0.52075,0.03841, -0.10191, 0.54455,0.06215, -0.10521, 0.54434,0.07587, -0.10875, 0.51298,NaN,NaN
5.51527690887451,NaN, NaN,0.00000, 0.00000,-0.09613, -0.02918, 0.44613,-0.04478, -0.05701, 0.49015,-0.05387, -0.05819, 0.50873,-0.06871, -0.05085, 0.53126,-0.09481, -0.05670, 0.52666,-0.11690, -0.06306, 0.50702,0.07645, -0.05331, 0.47629,0.04465, -0.09239, 0.51092,0.02633, -0.09891, 0.52075,0.03841, -0.10191, 0.54455,0.06215, -0.10521, 0.54434,0.07587, -0.10875, 0.51298,NaN,NaN
5.52047061920166,NaN, NaN,0.00000, 0.00000,-0.09712, -0.02304, 0.44413,-0.04606, -0.05009, 0.48897,-0.05472, -0.04986, 0.50898,-0.06968, -0.04242, 0.53053,-0.09562, -0.04932, 0.52520,-0.11761, -0.05594, 0.50556,0.07723, -0.05056, 0.47458,0.04488, -0.08979, 0.50982,0.02764, -0.09668, 0.51762,0.03959, -0.09811, 0.54522,0.06354, -0.10191, 0.54398,0.07777, -0.10576, 0.51374,NaN,NaN
5.52549076080322,NaN, NaN,0.00000, 0.00000,-0.09712, -0.02304, 0.44413,-0.04606, -0.05009, 0.48897,-0.05472, -0.04986, 0.50898,-0.06968, -0.04242, 0.53053,-0.09562, -0.04932, 0.52520,-0.11761, -0.05594, 0.50556,0.07723, -0.05056, 0.47458,0.04488, -0.08979, 0.50982,0.02764, -0.09668, 0.51762,0.03959, -0.09811, 0.54522,0.06354, -0.10191, 0.54398,0.07777, -0.10576, 0.51374,NaN,NaN
5.52966403961182,NaN, NaN,0.00000, 0.00000,-0.09712, -0.02304, 0.44413,-0.04606, -0.05009, 0.48897,-0.05472, -0.04986, 0.50898,-0.06968, -0.04242, 0.53053,-0.09562, -0.04932, 0.52520,-0.11761, -0.05594, 0.50556,0.07723, -0.05056, 0.47458,0.04488, -0.08979, 0.50982,0.02764, -0.09668, 0.51762,0.03959, -0.09811, 0.54522,0.06354, -0.10191, 0.54398,0.07777, -0.10576, 0.51374,NaN,NaN
5.54322242736816,NaN, NaN,0.00000, 0.00000,-0.09736, -0.01496, 0.44194,-0.04706, -0.04029, 0.48868,-0.05516, -0.03755, 0.50948,-0.06980, -0.03099, 0.52844,-0.09516, -0.03918, 0.52242,-0.11740, -0.04526, 0.50421,0.07866, -0.04672, 0.47258,0.04394, -0.08434, 0.50963,0.02954, -0.09252, 0.51795,0.04212, -0.09226, 0.54675,0.06613, -0.09721, 0.54363,0.08154, -0.10107, 0.51607,NaN,NaN
5.54946231842041,NaN, NaN,0.00000, 0.00000,-0.09736, -0.01496, 0.44194,-0.04706, -0.04029, 0.48868,-0.05516, -0.03755, 0.50948,-0.06980, -0.03099, 0.52844,-0.09516, -0.03918, 0.52242,-0.11740, -0.04526, 0.50421,0.07866, -0.04672, 0.47258,0.04394, -0.08434, 0.50963,0.02954, -0.09252, 0.51795,0.04212, -0.09226, 0.54675,0.06613, -0.09721, 0.54363,0.08154, -0.10107, 0.51607,NaN,NaN
5.55718040466309,NaN, NaN,0.00000, 0.00000,-0.09736, -0.01496, 0.44194,-0.04706, -0.04029, 0.48868,-0.05516, -0.03755, 0.50948,-0.06980, -0.03099, 0.52844,-0.09516, -0.03918, 0.52242,-0.11740, -0.04526, 0.50421,0.07866, -0.04672, 0.47258,0.04394, -0.08434, 0.50963,0.02954, -0.09252, 0.51795,0.04212, -0.09226, 0.54675,0.06613, -0.09721, 0.54363,0.08154, -0.10107, 0.51607,NaN,NaN
5.56429767608643,NaN, NaN,0.00000, 0.00000,-0.09748, -0.00783, 0.43988,-0.04718, -0.03202, 0.48726,-0.05456, -0.02752, 0.50799,-0.06858, -0.02248, 0.52519,-0.09347, -0.03156, 0.51903,-0.11635, -0.03674, 0.50280,0.08038, -0.04292, 0.47144,0.04203, -0.07764, 0.51033,0.03117, -0.08754, 0.51999,0.04381, -0.08687, 0.54671,0.06785, -0.09229, 0.54336,0.08551, -0.09557, 0.52011,NaN,NaN
5.56881141662598,NaN, NaN,0.00000, 0.00000,-0.09748, -0.00783, 0.43988,-0.04718, -0.03202, 0.48726,-0.05456, -0.02752, 0.50799,-0.06858, -0.02248, 0.52519,-0.09347, -0.03156, 0.51903,-0.11635, -0.03674, 0.50280,0.08038, -0.04292, 0.47144,0.04203, -0.07764, 0.51033,0.03117, -0.08754, 0.51999,0.04381, -0.08687, 0.54671,0.06785, -0.09229, 0.54336,0.08551, -0.09557, 0.52011,NaN,NaN
5.57339286804199,NaN, NaN,0.00000, 0.00000,-0.09748, -0.00783, 0.43988,-0.04718, -0.03202, 0.48726,-0.05456, -0.02752, 0.50799,-0.06858, -0.02248, 0.52519,-0.09347, -0.03156, 0.51903,-0.11635, -0.03674, 0.50280,0.08038, -0.04292, 0.47144,0.04203, -0.07764, 0.51033,0.03117, -0.08754, 0.51999,0.04381, -0.08687, 0.54671,0.06785, -0.09229, 0.54336,0.08551, -0.09557, 0.52011,NaN,NaN
5.58097839355469,NaN, NaN,0.00000, 0.00000,-0.09748, -0.00261, 0.43819,-0.04717, -0.02580, 0.48611,-0.05420, -0.02010, 0.50683,-0.06759, -0.01649, 0.52254,-0.09218, -0.02601, 0.51643,-0.11575, -0.03018, 0.50199,0.08155, -0.04016, 0.47038,0.03979, -0.07251, 0.50986,0.03172, -0.08359, 0.52081,0.04387, -0.08333, 0.54511,0.06807, -0.08867, 0.54262,0.08836, -0.09095, 0.52357,NaN,NaN
5.5857105255127,NaN, NaN,0.00000, 0.00000,-0.09748, -0.00261, 0.43819,-0.04717, -0.02580, 0.48611,-0.05420, -0.02010, 0.50683,-0.06759, -0.01649, 0.52254,-0.09218, -0.02601, 0.51643,-0.11575, -0.03018, 0.50199,0.08155, -0.04016, 0.47038,0.03979, -0.07251, 0.50986,0.03172, -0.08359, 0.52081,0.04387, -0.08333, 0.54511,0.06807, -0.08867, 0.54262,0.08836, -0.09095, 0.52357,NaN,NaN
5.59348011016846,NaN, NaN,0.00000, 0.00000,-0.09748, -0.00261, 0.43819,-0.04717, -0.02580, 0.48611,-0.05420, -0.02010, 0.50683,-0.06759, -0.01649, 0.52254,-0.09218, -0.02601, 0.51643,-0.11575, -0.03018, 0.50199,0.08155, -0.04016, 0.47038,0.03979, -0.07251, 0.50986,0.03172, -0.08359, 0.52081,0.04387, -0.08333, 0.54511,0.06807, -0.08867, 0.54262,0.08836, -0.09095, 0.52357,NaN,NaN
5.59756755828857,NaN, NaN,0.00000, 0.00000,-0.09748, -0.00261, 0.43819,-0.04717, -0.02580, 0.48611,-0.05420, -0.02010, 0.50683,-0.06759, -0.01649, 0.52254,-0.09218, -0.02601, 0.51643,-0.11575, -0.03018, 0.50199,0.08155, -0.04016, 0.47038,0.03979, -0.07251, 0.50986,0.03172, -0.08359, 0.52081,0.04387, -0.08333, 0.54511,0.06807, -0.08867, 0.54262,0.08836, -0.09095, 0.52357,NaN,NaN
5.60190868377686,NaN, NaN,0.00000, 0.00000,-0.09745, 0.00289, 0.43649,-0.04620, -0.01895, 0.48387,-0.05306, -0.01179, 0.50600,-0.06567, -0.01139, 0.51909,-0.08978, -0.02142, 0.51324,-0.11407, -0.02449, 0.50088,0.08268, -0.03714, 0.46921,0.03726, -0.06723, 0.50908,0.03235, -0.07932, 0.52062,0.04391, -0.07942, 0.54336,0.06839, -0.08441, 0.54212,0.09151, -0.08556, 0.52690,NaN,NaN
5.60677051544189,NaN, NaN,0.00000, 0.00000,-0.09745, 0.00289, 0.43649,-0.04620, -0.01895, 0.48387,-0.05306, -0.01179, 0.50600,-0.06567, -0.01139, 0.51909,-0.08978, -0.02142, 0.51324,-0.11407, -0.02449, 0.50088,0.08268, -0.03714, 0.46921,0.03726, -0.06723, 0.50908,0.03235, -0.07932, 0.52062,0.04391, -0.07942, 0.54336,0.06839, -0.08441, 0.54212,0.09151, -0.08556, 0.52690,NaN,NaN
5.61394023895264,NaN, NaN,0.00000, 0.00000,-0.09745, 0.00289, 0.43649,-0.04620, -0.01895, 0.48387,-0.05306, -0.01179, 0.50600,-0.06567, -0.01139, 0.51909,-0.08978, -0.02142, 0.51324,-0.11407, -0.02449, 0.50088,0.08268, -0.03714, 0.46921,0.03726, -0.06723, 0.50908,0.03235, -0.07932, 0.52062,0.04391, -0.07942, 0.54336,0.06839, -0.08441, 0.54212,0.09151, -0.08556, 0.52690,NaN,NaN
5.61776542663574,NaN, NaN,0.00000, 0.00000,-0.09745, 0.00289, 0.43649,-0.04620, -0.01895, 0.48387,-0.05306, -0.01179, 0.50600,-0.06567, -0.01139, 0.51909,-0.08978, -0.02142, 0.51324,-0.11407, -0.02449, 0.50088,0.08268, -0.03714, 0.46921,0.03726, -0.06723, 0.50908,0.03235, -0.07932, 0.52062,0.04391, -0.07942, 0.54336,0.06839, -0.08441, 0.54212,0.09151, -0.08556, 0.52690,NaN,NaN
5.62473392486572,NaN, NaN,0.00000, 0.00000,-0.09641, 0.00717, 0.43548,-0.04408, -0.01395, 0.48197,-0.05128, -0.00391, 0.50709,-0.06355, -0.00740, 0.51703,-0.08708, -0.01811, 0.51072,-0.11134, -0.02054, 0.49936,0.08353, -0.03490, 0.46796,0.03488, -0.06228, 0.50840,0.03275, -0.07533, 0.51990,0.04398, -0.07544, 0.54225,0.06878, -0.08005, 0.54225,0.09420, -0.08058, 0.52954,NaN,NaN
5.62932682037354,NaN, NaN,0.00000, 0.00000,-0.09641, 0.00717, 0.43548,-0.04408, -0.01395, 0.48197,-0.05128, -0.00391, 0.50709,-0.06355, -0.00740, 0.51703,-0.08708, -0.01811, 0.51072,-0.11134, -0.02054, 0.49936,0.08353, -0.03490, 0.46796,0.03488, -0.06228, 0.50840,0.03275, -0.07533, 0.51990,0.04398, -0.07544, 0.54225,0.06878, -0.08005, 0.54225,0.09420, -0.08058, 0.52954,NaN,NaN
5.63364315032959,NaN, NaN,0.00000, 0.00000,-0.09641, 0.00717, 0.43548,-0.04408, -0.01395, 0.48197,-0.05128, -0.00391, 0.50709,-0.06355, -0.00740, 0.51703,-0.08708, -0.01811, 0.51072,-0.11134, -0.02054, 0.49936,0.08353, -0.03490, 0.46796,0.03488, -0.06228, 0.50840,0.03275, -0.07533, 0.51990,0.04398, -0.07544, 0.54225,0.06878, -0.08005, 0.54225,0.09420, -0.08058, 0.52954,NaN,NaN
5.64088344573975,NaN, NaN,0.00000, 0.00000,-0.09472, 0.00826, 0.43570,-0.04150, -0.01166, 0.48189,-0.04915, 0.00042, 0.50780,-0.06133, -0.00421, 0.51733,-0.08441, -0.01558, 0.51094,-0.10813, -0.01879, 0.49920,0.08410, -0.03364, 0.46761,0.03326, -0.05822, 0.50845,0.03302, -0.07272, 0.52029,0.04432, -0.07326, 0.54187,0.06924, -0.07763, 0.54252,0.09589, -0.07782, 0.53096,NaN,NaN
5.64572048187256,NaN, NaN,0.00000, 0.00000,-0.09472, 0.00826, 0.43570,-0.04150, -0.01166, 0.48189,-0.04915, 0.00042, 0.50780,-0.06133, -0.00421, 0.51733,-0.08441, -0.01558, 0.51094,-0.10813, -0.01879, 0.49920,0.08410, -0.03364, 0.46761,0.03326, -0.05822, 0.50845,0.03302, -0.07272, 0.52029,0.04432, -0.07326, 0.54187,0.06924, -0.07763, 0.54252,0.09589, -0.07782, 0.53096,NaN,NaN
5.65287494659424,NaN, NaN,0.00000, 0.00000,-0.09472, 0.00826, 0.43570,-0.04150, -0.01166, 0.48189,-0.04915, 0.00042, 0.50780,-0.06133, -0.00421, 0.51733,-0.08441, -0.01558, 0.51094,-0.10813, -0.01879, 0.49920,0.08410, -0.03364, 0.46761,0.03326, -0.05822, 0.50845,0.03302, -0.07272, 0.52029,0.04432, -0.07326, 0.54187,0.06924, -0.07763, 0.54252,0.09589, -0.07782, 0.53096,NaN,NaN
5.65958690643311,NaN, NaN,0.00000, 0.00000,-0.09472, 0.00826, 0.43570,-0.04150, -0.01166, 0.48189,-0.04915, 0.00042, 0.50780,-0.06133, -0.00421, 0.51733,-0.08441, -0.01558, 0.51094,-0.10813, -0.01879, 0.49920,0.08410, -0.03364, 0.46761,0.03326, -0.05822, 0.50845,0.03302, -0.07272, 0.52029,0.04432, -0.07326, 0.54187,0.06924, -0.07763, 0.54252,0.09589, -0.07782, 0.53096,NaN,NaN
5.66629981994629,NaN, NaN,0.00000, 0.00000,-0.09109, 0.00680, 0.43650,-0.03674, -0.01318, 0.48160,-0.04416, 0.00089, 0.50775,-0.05645, -0.00240, 0.51945,-0.07938, -0.01433, 0.51354,-0.10265, -0.01917, 0.50058,0.08462, -0.03247, 0.46726,0.03111, -0.05281, 0.50816,0.03297, -0.06985, 0.52087,0.04439, -0.07105, 0.54135,0.06949, -0.07491, 0.54304,0.09755, -0.07472, 0.53263,NaN,NaN
5.6713981628418,NaN, NaN,0.00000, 0.00000,-0.09109, 0.00680, 0.43650,-0.03674, -0.01318, 0.48160,-0.04416, 0.00089, 0.50775,-0.05645, -0.00240, 0.51945,-0.07938, -0.01433, 0.51354,-0.10265, -0.01917, 0.50058,0.08462, -0.03247, 0.46726,0.03111, -0.05281, 0.50816,0.03297, -0.06985, 0.52087,0.04439, -0.07105, 0.54135,0.06949, -0.07491, 0.54304,0.09755, -0.07472, 0.53263,NaN,NaN
5.67579746246338,NaN, NaN,0.00000, 0.00000,-0.09109, 0.00680, 0.43650,-0.03674, -0.01318, 0.48160,-0.04416, 0.00089, 0.50775,-0.05645, -0.00240, 0.51945,-0.07938, -0.01433, 0.51354,-0.10265, -0.01917, 0.50058,0.08462, -0.03247, 0.46726,0.03111, -0.05281, 0.50816,0.03297, -0.06985, 0.52087,0.04439, -0.07105, 0.54135,0.06949, -0.07491, 0.54304,0.09755, -0.07472, 0.53263,NaN,NaN
5.68034934997559,NaN, NaN,0.00000, 0.00000,-0.08830, 0.00428, 0.43747,-0.03347, -0.01597, 0.48203,-0.04054, -0.00194, 0.50774,-0.05315, -0.00311, 0.52159,-0.07643, -0.01508, 0.51620,-0.09968, -0.02060, 0.50269,0.08469, -0.03230, 0.46717,0.03046, -0.05055, 0.50804,0.03277, -0.06891, 0.52161,0.04441, -0.07066, 0.54115,0.06965, -0.07420, 0.54331,0.09831, -0.07387, 0.53324,NaN,NaN
5.68604850769043,NaN, NaN,0.00000, 0.00000,-0.08830, 0.00428, 0.43747,-0.03347, -0.01597, 0.48203,-0.04054, -0.00194, 0.50774,-0.05315, -0.00311, 0.52159,-0.07643, -0.01508, 0.51620,-0.09968, -0.02060, 0.50269,0.08469, -0.03230, 0.46717,0.03046, -0.05055, 0.50804,0.03277, -0.06891, 0.52161,0.04441, -0.07066, 0.54115,0.06965, -0.07420, 0.54331,0.09831, -0.07387, 0.53324,NaN,NaN
5.69358539581299,NaN, NaN,0.00000, 0.00000,-0.08830, 0.00428, 0.43747,-0.03347, -0.01597, 0.48203,-0.04054, -0.00194, 0.50774,-0.05315, -0.00311, 0.52159,-0.07643, -0.01508, 0.51620,-0.09968, -0.02060, 0.50269,0.08469, -0.03230, 0.46717,0.03046, -0.05055, 0.50804,0.03277, -0.06891, 0.52161,0.04441, -0.07066, 0.54115,0.06965, -0.07420, 0.54331,0.09831, -0.07387, 0.53324,NaN,NaN
5.69765853881836,NaN, NaN,0.00000, 0.00000,-0.08830, 0.00428, 0.43747,-0.03347, -0.01597, 0.48203,-0.04054, -0.00194, 0.50774,-0.05315, -0.00311, 0.52159,-0.07643, -0.01508, 0.51620,-0.09968, -0.02060, 0.50269,0.08469, -0.03230, 0.46717,0.03046, -0.05055, 0.50804,0.03277, -0.06891, 0.52161,0.04441, -0.07066, 0.54115,0.06965, -0.07420, 0.54331,0.09831, -0.07387, 0.53324,NaN,NaN
5.70546817779541,NaN, NaN,0.00000, 0.00000,-0.08326, -0.00411, 0.44184,-0.02737, -0.02256, 0.48670,-0.03521, -0.00935, 0.51124,-0.04847, -0.00716, 0.52755,-0.07242, -0.01856, 0.52348,-0.09572, -0.02555, 0.50940,0.08464, -0.03285, 0.46727,0.02983, -0.04798, 0.50779,0.03234, -0.06870, 0.52445,0.04504, -0.07197, 0.54139,0.07066, -0.07500, 0.54381,0.10028, -0.07436, 0.53373,NaN,NaN
5.71034622192383,NaN, NaN,0.00000, 0.00000,-0.08326, -0.00411, 0.44184,-0.02737, -0.02256, 0.48670,-0.03521, -0.00935, 0.51124,-0.04847, -0.00716, 0.52755,-0.07242, -0.01856, 0.52348,-0.09572, -0.02555, 0.50940,0.08464, -0.03285, 0.46727,0.02983, -0.04798, 0.50779,0.03234, -0.06870, 0.52445,0.04504, -0.07197, 0.54139,0.07066, -0.07500, 0.54381,0.10028, -0.07436, 0.53373,NaN,NaN
5.71509552001953,NaN, NaN,0.00000, 0.00000,-0.08326, -0.00411, 0.44184,-0.02737, -0.02256, 0.48670,-0.03521, -0.00935, 0.51124,-0.04847, -0.00716, 0.52755,-0.07242, -0.01856, 0.52348,-0.09572, -0.02555, 0.50940,0.08464, -0.03285, 0.46727,0.02983, -0.04798, 0.50779,0.03234, -0.06870, 0.52445,0.04504, -0.07197, 0.54139,0.07066, -0.07500, 0.54381,0.10028, -0.07436, 0.53373,NaN,NaN
5.72216033935547,NaN, NaN,0.00000, 0.00000,-0.08050, -0.01158, 0.44470,-0.02343, -0.03106, 0.48847,-0.03121, -0.01836, 0.51339,-0.04514, -0.01435, 0.53138,-0.07014, -0.02473, 0.52847,-0.09375, -0.03308, 0.51350,0.08425, -0.03429, 0.46744,0.02804, -0.04748, 0.50692,0.03152, -0.07034, 0.52723,0.04548, -0.07500, 0.54198,0.07152, -0.07799, 0.54408,0.10143, -0.07738, 0.53326,NaN,NaN
5.72680759429932,NaN, NaN,0.00000, 0.00000,-0.08050, -0.01158, 0.44470,-0.02343, -0.03106, 0.48847,-0.03121, -0.01836, 0.51339,-0.04514, -0.01435, 0.53138,-0.07014, -0.02473, 0.52847,-0.09375, -0.03308, 0.51350,0.08425, -0.03429, 0.46744,0.02804, -0.04748, 0.50692,0.03152, -0.07034, 0.52723,0.04548, -0.07500, 0.54198,0.07152, -0.07799, 0.54408,0.10143, -0.07738, 0.53326,NaN,NaN
5.73178386688232,NaN, NaN,0.00000, 0.00000,-0.08050, -0.01158, 0.44470,-0.02343, -0.03106, 0.48847,-0.03121, -0.01836, 0.51339,-0.04514, -0.01435, 0.53138,-0.07014, -0.02473, 0.52847,-0.09375, -0.03308, 0.51350,0.08425, -0.03429, 0.46744,0.02804, -0.04748, 0.50692,0.03152, -0.07034, 0.52723,0.04548, -0.07500, 0.54198,0.07152, -0.07799, 0.54408,0.10143, -0.07738, 0.53326,NaN,NaN
5.73574256896973,NaN, NaN,0.00000, 0.00000,-0.08050, -0.01158, 0.44470,-0.02343, -0.03106, 0.48847,-0.03121, -0.01836, 0.51339,-0.04514, -0.01435, 0.53138,-0.07014, -0.02473, 0.52847,-0.09375, -0.03308, 0.51350,0.08425, -0.03429, 0.46744,0.02804, -0.04748, 0.50692,0.03152, -0.07034, 0.52723,0.04548, -0.07500, 0.54198,0.07152, -0.07799, 0.54408,0.10143, -0.07738, 0.53326,NaN,NaN
5.74025630950928,NaN, NaN,0.00000, 0.00000,-0.07820, -0.02030, 0.44689,-0.01995, -0.04340, 0.48835,-0.02671, -0.03023, 0.51547,-0.04186, -0.02489, 0.53506,-0.06880, -0.03369, 0.53362,-0.09284, -0.04422, 0.51664,0.08342, -0.03747, 0.46768,0.02471, -0.04875, 0.50536,0.02989, -0.07330, 0.53081,0.04579, -0.07968, 0.54360,0.07269, -0.08244, 0.54568,0.10285, -0.08241, 0.53307,NaN,NaN
5.74536228179932,NaN, NaN,0.00000, 0.00000,-0.07820, -0.02030, 0.44689,-0.01995, -0.04340, 0.48835,-0.02671, -0.03023, 0.51547,-0.04186, -0.02489, 0.53506,-0.06880, -0.03369, 0.53362,-0.09284, -0.04422, 0.51664,0.08342, -0.03747, 0.46768,0.02471, -0.04875, 0.50536,0.02989, -0.07330, 0.53081,0.04579, -0.07968, 0.54360,0.07269, -0.08244, 0.54568,0.10285, -0.08241, 0.53307,NaN,NaN
5.75033760070801,NaN, NaN,0.00000, 0.00000,-0.07820, -0.02030, 0.44689,-0.01995, -0.04340, 0.48835,-0.02671, -0.03023, 0.51547,-0.04186, -0.02489, 0.53506,-0.06880, -0.03369, 0.53362,-0.09284, -0.04422, 0.51664,0.08342, -0.03747, 0.46768,0.02471, -0.04875, 0.50536,0.02989, -0.07330, 0.53081,0.04579, -0.07968, 0.54360,0.07269, -0.08244, 0.54568,0.10285, -0.08241, 0.53307,NaN,NaN
5.75497055053711,NaN, NaN,0.00000, 0.00000,-0.07820, -0.02030, 0.44689,-0.01995, -0.04340, 0.48835,-0.02671, -0.03023, 0.51547,-0.04186, -0.02489, 0.53506,-0.06880, -0.03369, 0.53362,-0.09284, -0.04422, 0.51664,0.08342, -0.03747, 0.46768,0.02471, -0.04875, 0.50536,0.02989, -0.07330, 0.53081,0.04579, -0.07968, 0.54360,0.07269, -0.08244, 0.54568,0.10285, -0.08241, 0.53307,NaN,NaN
5.76204967498779,NaN, NaN,0.00000, 0.00000,-0.07571, -0.03080, 0.44935,-0.01555, -0.05643, 0.48818,-0.02120, -0.04201, 0.51908,-0.03860, -0.03522, 0.54070,-0.06784, -0.04458, 0.53967,-0.09178, -0.05854, 0.52000,0.08265, -0.04294, 0.46821,0.01976, -0.05221, 0.50299,0.02807, -0.07695, 0.53718,0.04710, -0.08563, 0.54755,0.07491, -0.08829, 0.54865,0.10547, -0.08873, 0.53429,NaN,NaN
5.76764297485352,NaN, NaN,0.00000, 0.00000,-0.07571, -0.03080, 0.44935,-0.01555, -0.05643, 0.48818,-0.02120, -0.04201, 0.51908,-0.03860, -0.03522, 0.54070,-0.06784, -0.04458, 0.53967,-0.09178, -0.05854, 0.52000,0.08265, -0.04294, 0.46821,0.01976, -0.05221, 0.50299,0.02807, -0.07695, 0.53718,0.04710, -0.08563, 0.54755,0.07491, -0.08829, 0.54865,0.10547, -0.08873, 0.53429,NaN,NaN
5.77184200286865,NaN, NaN,0.00000, 0.00000,-0.07571, -0.03080, 0.44935,-0.01555, -0.05643, 0.48818,-0.02120, -0.04201, 0.51908,-0.03860, -0.03522, 0.54070,-0.06784, -0.04458, 0.53967,-0.09178, -0.05854, 0.52000,0.08265, -0.04294, 0.46821,0.01976, -0.05221, 0.50299,0.02807, -0.07695, 0.53718,0.04710, -0.08563, 0.54755,0.07491, -0.08829, 0.54865,0.10547, -0.08873, 0.53429,NaN,NaN
5.77921962738037,NaN, NaN,0.00000, 0.00000,-0.07571, -0.03080, 0.44935,-0.01555, -0.05643, 0.48818,-0.02120, -0.04201, 0.51908,-0.03860, -0.03522, 0.54070,-0.06784, -0.04458, 0.53967,-0.09178, -0.05854, 0.52000,0.08265, -0.04294, 0.46821,0.01976, -0.05221, 0.50299,0.02807, -0.07695, 0.53718,0.04710, -0.08563, 0.54755,0.07491, -0.08829, 0.54865,0.10547, -0.08873, 0.53429,NaN,NaN
5.78402328491211,NaN, NaN,0.00000, 0.00000,-0.07257, -0.03951, 0.45066,-0.01074, -0.06796, 0.48656,-0.01556, -0.05346, 0.52142,-0.03512, -0.04662, 0.54472,-0.06674, -0.05609, 0.54368,-0.09230, -0.07098, 0.52286,0.08231, -0.04745, 0.46851,0.01674, -0.05708, 0.50146,0.02676, -0.07567, 0.54315,0.04977, -0.08579, 0.55425,0.07911, -0.08937, 0.55454,0.10954, -0.09252, 0.53697,NaN,NaN
5.78924369812012,NaN, NaN,0.00000, 0.00000,-0.07257, -0.03951, 0.45066,-0.01074, -0.06796, 0.48656,-0.01556, -0.05346, 0.52142,-0.03512, -0.04662, 0.54472,-0.06674, -0.05609, 0.54368,-0.09230, -0.07098, 0.52286,0.08231, -0.04745, 0.46851,0.01674, -0.05708, 0.50146,0.02676, -0.07567, 0.54315,0.04977, -0.08579, 0.55425,0.07911, -0.08937, 0.55454,0.10954, -0.09252, 0.53697,NaN,NaN
5.79744148254395,NaN, NaN,0.00000, 0.00000,-0.07257, -0.03951, 0.45066,-0.01074, -0.06796, 0.48656,-0.01556, -0.05346, 0.52142,-0.03512, -0.04662, 0.54472,-0.06674, -0.05609, 0.54368,-0.09230, -0.07098, 0.52286,0.08231, -0.04745, 0.46851,0.01674, -0.05708, 0.50146,0.02676, -0.07567, 0.54315,0.04977, -0.08579, 0.55425,0.07911, -0.08937, 0.55454,0.10954, -0.09252, 0.53697,NaN,NaN
5.80115413665771,NaN, NaN,0.00000, 0.00000,-0.07067, -0.04438, 0.45122,-0.00768, -0.07236, 0.48647,-0.01266, -0.05797, 0.52251,-0.03327, -0.05146, 0.54607,-0.06646, -0.05993, 0.54609,-0.09398, -0.07509, 0.52597,0.08214, -0.05189, 0.46825,0.01522, -0.06272, 0.50186,0.02856, -0.07609, 0.54744,0.05518, -0.08549, 0.56044,0.08623, -0.08972, 0.55900,0.11582, -0.09547, 0.53756,NaN,NaN
5.80606460571289,NaN, NaN,0.00000, 0.00000,-0.07067, -0.04438, 0.45122,-0.00768, -0.07236, 0.48647,-0.01266, -0.05797, 0.52251,-0.03327, -0.05146, 0.54607,-0.06646, -0.05993, 0.54609,-0.09398, -0.07509, 0.52597,0.08214, -0.05189, 0.46825,0.01522, -0.06272, 0.50186,0.02856, -0.07609, 0.54744,0.05518, -0.08549, 0.56044,0.08623, -0.08972, 0.55900,0.11582, -0.09547, 0.53756,NaN,NaN
5.81006813049316,NaN, NaN,0.00000, 0.00000,-0.07067, -0.04438, 0.45122,-0.00768, -0.07236, 0.48647,-0.01266, -0.05797, 0.52251,-0.03327, -0.05146, 0.54607,-0.06646, -0.05993, 0.54609,-0.09398, -0.07509, 0.52597,0.08214, -0.05189, 0.46825,0.01522, -0.06272, 0.50186,0.02856, -0.07609, 0.54744,0.05518, -0.08549, 0.56044,0.08623, -0.08972, 0.55900,0.11582, -0.09547, 0.53756,NaN,NaN
5.81461143493652,NaN, NaN,0.00000, 0.00000,-0.07067, -0.04438, 0.45122,-0.00768, -0.07236, 0.48647,-0.01266, -0.05797, 0.52251,-0.03327, -0.05146, 0.54607,-0.06646, -0.05993, 0.54609,-0.09398, -0.07509, 0.52597,0.08214, -0.05189, 0.46825,0.01522, -0.06272, 0.50186,0.02856, -0.07609, 0.54744,0.05518, -0.08549, 0.56044,0.08623, -0.08972, 0.55900,0.11582, -0.09547, 0.53756,NaN,NaN
5.81930732727051,NaN, NaN,0.00000, 0.00000,-0.07067, -0.04438, 0.45122,-0.00768, -0.07236, 0.48647,-0.01266, -0.05797, 0.52251,-0.03327, -0.05146, 0.54607,-0.06646, -0.05993, 0.54609,-0.09398, -0.07509, 0.52597,0.08214, -0.05189, 0.46825,0.01522, -0.06272, 0.50186,0.02856, -0.07609, 0.54744,0.05518, -0.08549, 0.56044,0.08623, -0.08972, 0.55900,0.11582, -0.09547, 0.53756,NaN,NaN
5.825270652771,NaN, NaN,0.00000, 0.00000,-0.06830, -0.05042, 0.45162,-0.00447, -0.07917, 0.48553,-0.00958, -0.06586, 0.52415,-0.03235, -0.06015, 0.54826,-0.06675, -0.06915, 0.54732,-0.09593, -0.08373, 0.52672,0.08103, -0.06007, 0.46724,0.01272, -0.07465, 0.50067,0.02947, -0.08338, 0.55017,0.06119, -0.09063, 0.56526,0.09537, -0.09429, 0.56171,0.12447, -0.10168, 0.53617,NaN,NaN
5.83152484893799,NaN, NaN,0.00000, 0.00000,-0.06830, -0.05042, 0.45162,-0.00447, -0.07917, 0.48553,-0.00958, -0.06586, 0.52415,-0.03235, -0.06015, 0.54826,-0.06675, -0.06915, 0.54732,-0.09593, -0.08373, 0.52672,0.08103, -0.06007, 0.46724,0.01272, -0.07465, 0.50067,0.02947, -0.08338, 0.55017,0.06119, -0.09063, 0.56526,0.09537, -0.09429, 0.56171,0.12447, -0.10168, 0.53617,NaN,NaN
5.83594036102295,NaN, NaN,0.00000, 0.00000,-0.06830, -0.05042, 0.45162,-0.00447, -0.07917, 0.48553,-0.00958, -0.06586, 0.52415,-0.03235, -0.06015, 0.54826,-0.06675, -0.06915, 0.54732,-0.09593, -0.08373, 0.52672,0.08103, -0.06007, 0.46724,0.01272, -0.07465, 0.50067,0.02947, -0.08338, 0.55017,0.06119, -0.09063, 0.56526,0.09537, -0.09429, 0.56171,0.12447, -0.10168, 0.53617,NaN,NaN
5.84310436248779,NaN, NaN,0.00000, 0.00000,-0.06688, -0.05653, 0.45291,-0.00296, -0.08508, 0.48721,-0.00957, -0.07177, 0.52879,-0.03533, -0.06554, 0.55315,-0.07043, -0.07549, 0.55008,-0.10032, -0.09004, 0.52813,0.07997, -0.06655, 0.46616,0.01022, -0.08247, 0.49818,0.02850, -0.08971, 0.55119,0.06372, -0.09482, 0.56788,0.10081, -0.09765, 0.56326,0.13017, -0.10611, 0.53516,NaN,NaN
5.84861469268799,NaN, NaN,0.00000, 0.00000,-0.06688, -0.05653, 0.45291,-0.00296, -0.08508, 0.48721,-0.00957, -0.07177, 0.52879,-0.03533, -0.06554, 0.55315,-0.07043, -0.07549, 0.55008,-0.10032, -0.09004, 0.52813,0.07997, -0.06655, 0.46616,0.01022, -0.08247, 0.49818,0.02850, -0.08971, 0.55119,0.06372, -0.09482, 0.56788,0.10081, -0.09765, 0.56326,0.13017, -0.10611, 0.53516,NaN,NaN
5.85273456573486,NaN, NaN,0.00000, 0.00000,-0.06688, -0.05653, 0.45291,-0.00296, -0.08508, 0.48721,-0.00957, -0.07177, 0.52879,-0.03533, -0.06554, 0.55315,-0.07043, -0.07549, 0.55008,-0.10032, -0.09004, 0.52813,0.07997, -0.06655, 0.46616,0.01022, -0.08247, 0.49818,0.02850, -0.08971, 0.55119,0.06372, -0.09482, 0.56788,0.10081, -0.09765, 0.56326,0.13017, -0.10611, 0.53516,NaN,NaN
5.8596830368042,NaN, NaN,0.00000, 0.00000,-0.06636, -0.06123, 0.45430,-0.00168, -0.08834, 0.48860,-0.01015, -0.07492, 0.53353,-0.03860, -0.06879, 0.55738,-0.07410, -0.08012, 0.55253,-0.10450, -0.09492, 0.52927,0.07953, -0.07182, 0.46515,0.00885, -0.08781, 0.49645,0.02855, -0.09342, 0.55287,0.06639, -0.09608, 0.57040,0.10546, -0.09894, 0.56399,0.13514, -0.10827, 0.53419,NaN,NaN
5.86528491973877,NaN, NaN,0.00000, 0.00000,-0.06636, -0.06123, 0.45430,-0.00168, -0.08834, 0.48860,-0.01015, -0.07492, 0.53353,-0.03860, -0.06879, 0.55738,-0.07410, -0.08012, 0.55253,-0.10450, -0.09492, 0.52927,0.07953, -0.07182, 0.46515,0.00885, -0.08781, 0.49645,0.02855, -0.09342, 0.55287,0.06639, -0.09608, 0.57040,0.10546, -0.09894, 0.56399,0.13514, -0.10827, 0.53419,NaN,NaN
5.86988544464111,NaN, NaN,0.00000, 0.00000,-0.06636, -0.06123, 0.45430,-0.00168, -0.08834, 0.48860,-0.01015, -0.07492, 0.53353,-0.03860, -0.06879, 0.55738,-0.07410, -0.08012, 0.55253,-0.10450, -0.09492, 0.52927,0.07953, -0.07182, 0.46515,0.00885, -0.08781, 0.49645,0.02855, -0.09342, 0.55287,0.06639, -0.09608, 0.57040,0.10546, -0.09894, 0.56399,0.13514, -0.10827, 0.53419,NaN,NaN
5.87704658508301,NaN, NaN,0.00000, 0.00000,-0.06636, -0.06123, 0.45430,-0.00168, -0.08834, 0.48860,-0.01015, -0.07492, 0.53353,-0.03860, -0.06879, 0.55738,-0.07410, -0.08012, 0.55253,-0.10450, -0.09492, 0.52927,0.07953, -0.07182, 0.46515,0.00885, -0.08781, 0.49645,0.02855, -0.09342, 0.55287,0.06639, -0.09608, 0.57040,0.10546, -0.09894, 0.56399,0.13514, -0.10827, 0.53419,NaN,NaN
5.88423728942871,NaN, NaN,0.00000, 0.00000,-0.06686, -0.06503, 0.45516,0.00011, -0.08857, 0.48902,-0.01245, -0.07542, 0.53964,-0.04370, -0.07065, 0.56117,-0.08060, -0.08305, 0.55523,-0.11129, -0.09891, 0.52933,0.07917, -0.07702, 0.46367,0.00653, -0.09118, 0.49425,0.02911, -0.09457, 0.55596,0.06981, -0.09473, 0.57329,0.10993, -0.09963, 0.56376,0.13939, -0.11015, 0.53224,NaN,NaN
5.88908004760742,NaN, NaN,0.00000, 0.00000,-0.06686, -0.06503, 0.45516,0.00011, -0.08857, 0.48902,-0.01245, -0.07542, 0.53964,-0.04370, -0.07065, 0.56117,-0.08060, -0.08305, 0.55523,-0.11129, -0.09891, 0.52933,0.07917, -0.07702, 0.46367,0.00653, -0.09118, 0.49425,0.02911, -0.09457, 0.55596,0.06981, -0.09473, 0.57329,0.10993, -0.09963, 0.56376,0.13939, -0.11015, 0.53224,NaN,NaN
5.893310546875,NaN, NaN,0.00000, 0.00000,-0.06686, -0.06503, 0.45516,0.00011, -0.08857, 0.48902,-0.01245, -0.07542, 0.53964,-0.04370, -0.07065, 0.56117,-0.08060, -0.08305, 0.55523,-0.11129, -0.09891, 0.52933,0.07917, -0.07702, 0.46367,0.00653, -0.09118, 0.49425,0.02911, -0.09457, 0.55596,0.06981, -0.09473, 0.57329,0.10993, -0.09963, 0.56376,0.13939, -0.11015, 0.53224,NaN,NaN
5.89794254302979,NaN, NaN,0.00000, 0.00000,-0.06686, -0.06503, 0.45516,0.00011, -0.08857, 0.48902,-0.01245, -0.07542, 0.53964,-0.04370, -0.07065, 0.56117,-0.08060, -0.08305, 0.55523,-0.11129, -0.09891, 0.52933,0.07917, -0.07702, 0.46367,0.00653, -0.09118, 0.49425,0.02911, -0.09457, 0.55596,0.06981, -0.09473, 0.57329,0.10993, -0.09963, 0.56376,0.13939, -0.11015, 0.53224,NaN,NaN
5.90254688262939,NaN, NaN,0.00000, 0.00000,-0.06709, -0.06697, 0.45490,0.00254, -0.08762, 0.48791,-0.01377, -0.07337, 0.54297,-0.04639, -0.06939, 0.56281,-0.08435, -0.08201, 0.55660,-0.11542, -0.09955, 0.52910,0.07842, -0.07909, 0.46324,0.00487, -0.09160, 0.49430,0.02942, -0.09484, 0.55734,0.07038, -0.09419, 0.57451,0.11016, -0.10112, 0.56353,0.13890, -0.11257, 0.53122,NaN,NaN
5.90754413604736,NaN, NaN,0.00000, 0.00000,-0.06709, -0.06697, 0.45490,0.00254, -0.08762, 0.48791,-0.01377, -0.07337, 0.54297,-0.04639, -0.06939, 0.56281,-0.08435, -0.08201, 0.55660,-0.11542, -0.09955, 0.52910,0.07842, -0.07909, 0.46324,0.00487, -0.09160, 0.49430,0.02942, -0.09484, 0.55734,0.07038, -0.09419, 0.57451,0.11016, -0.10112, 0.56353,0.13890, -0.11257, 0.53122,NaN,NaN
5.912428855896,NaN, NaN,0.00000, 0.00000,-0.06709, -0.06697, 0.45490,0.00254, -0.08762, 0.48791,-0.01377, -0.07337, 0.54297,-0.04639, -0.06939, 0.56281,-0.08435, -0.08201, 0.55660,-0.11542, -0.09955, 0.52910,0.07842, -0.07909, 0.46324,0.00487, -0.09160, 0.49430,0.02942, -0.09484, 0.55734,0.07038, -0.09419, 0.57451,0.11016, -0.10112, 0.56353,0.13890, -0.11257, 0.53122,NaN,NaN
5.91672134399414,NaN, NaN,0.00000, 0.00000,-0.06709, -0.06697, 0.45490,0.00254, -0.08762, 0.48791,-0.01377, -0.07337, 0.54297,-0.04639, -0.06939, 0.56281,-0.08435, -0.08201, 0.55660,-0.11542, -0.09955, 0.52910,0.07842, -0.07909, 0.46324,0.00487, -0.09160, 0.49430,0.02942, -0.09484, 0.55734,0.07038, -0.09419, 0.57451,0.11016, -0.10112, 0.56353,0.13890, -0.11257, 0.53122,NaN,NaN
5.92122268676758,NaN, NaN,0.00000, 0.00000,-0.06742, -0.06796, 0.45486,0.00333, -0.08570, 0.48831,-0.01632, -0.07120, 0.54572,-0.04907, -0.06882, 0.56365,-0.08805, -0.08038, 0.55729,-0.11916, -0.09959, 0.52839,0.07800, -0.07977, 0.46330,0.00356, -0.09077, 0.49438,0.02942, -0.09475, 0.55835,0.06989, -0.09348, 0.57554,0.10888, -0.10272, 0.56361,0.13761, -0.11416, 0.53120,NaN,NaN
5.92651653289795,NaN, NaN,0.00000, 0.00000,-0.06742, -0.06796, 0.45486,0.00333, -0.08570, 0.48831,-0.01632, -0.07120, 0.54572,-0.04907, -0.06882, 0.56365,-0.08805, -0.08038, 0.55729,-0.11916, -0.09959, 0.52839,0.07800, -0.07977, 0.46330,0.00356, -0.09077, 0.49438,0.02942, -0.09475, 0.55835,0.06989, -0.09348, 0.57554,0.10888, -0.10272, 0.56361,0.13761, -0.11416, 0.53120,NaN,NaN
5.93160820007324,NaN, NaN,0.00000, 0.00000,-0.06742, -0.06796, 0.45486,0.00333, -0.08570, 0.48831,-0.01632, -0.07120, 0.54572,-0.04907, -0.06882, 0.56365,-0.08805, -0.08038, 0.55729,-0.11916, -0.09959, 0.52839,0.07800, -0.07977, 0.46330,0.00356, -0.09077, 0.49438,0.02942, -0.09475, 0.55835,0.06989, -0.09348, 0.57554,0.10888, -0.10272, 0.56361,0.13761, -0.11416, 0.53120,NaN,NaN
5.93926334381104,NaN, NaN,0.00000, 0.00000,-0.06742, -0.06796, 0.45486,0.00333, -0.08570, 0.48831,-0.01632, -0.07120, 0.54572,-0.04907, -0.06882, 0.56365,-0.08805, -0.08038, 0.55729,-0.11916, -0.09959, 0.52839,0.07800, -0.07977, 0.46330,0.00356, -0.09077, 0.49438,0.02942, -0.09475, 0.55835,0.06989, -0.09348, 0.57554,0.10888, -0.10272, 0.56361,0.13761, -0.11416, 0.53120,NaN,NaN
5.94614505767822,NaN, NaN,0.00000, 0.00000,-0.06844, -0.06883, 0.45487,0.00282, -0.08248, 0.49007,-0.02082, -0.07112, 0.54716,-0.05228, -0.07000, 0.56339,-0.09183, -0.08013, 0.55706,-0.12137, -0.10087, 0.52677,0.07778, -0.07924, 0.46397,0.00253, -0.08821, 0.49504,0.02967, -0.09371, 0.55971,0.06922, -0.09277, 0.57661,0.10736, -0.10407, 0.56405,0.13626, -0.11530, 0.53177,NaN,NaN
5.95126438140869,NaN, NaN,0.00000, 0.00000,-0.06844, -0.06883, 0.45487,0.00282, -0.08248, 0.49007,-0.02082, -0.07112, 0.54716,-0.05228, -0.07000, 0.56339,-0.09183, -0.08013, 0.55706,-0.12137, -0.10087, 0.52677,0.07778, -0.07924, 0.46397,0.00253, -0.08821, 0.49504,0.02967, -0.09371, 0.55971,0.06922, -0.09277, 0.57661,0.10736, -0.10407, 0.56405,0.13626, -0.11530, 0.53177,NaN,NaN
5.95687961578369,NaN, NaN,0.00000, 0.00000,-0.06844, -0.06883, 0.45487,0.00282, -0.08248, 0.49007,-0.02082, -0.07112, 0.54716,-0.05228, -0.07000, 0.56339,-0.09183, -0.08013, 0.55706,-0.12137, -0.10087, 0.52677,0.07778, -0.07924, 0.46397,0.00253, -0.08821, 0.49504,0.02967, -0.09371, 0.55971,0.06922, -0.09277, 0.57661,0.10736, -0.10407, 0.56405,0.13626, -0.11530, 0.53177,NaN,NaN
5.96060752868652,NaN, NaN,0.00000, 0.00000,-0.06894, -0.06880, 0.45485,0.00237, -0.08144, 0.49057,-0.02267, -0.07309, 0.54693,-0.05293, -0.07245, 0.56269,-0.09291, -0.08111, 0.55676,-0.12152, -0.10179, 0.52580,0.07800, -0.07799, 0.46458,0.00205, -0.08593, 0.49479,0.02945, -0.09208, 0.56028,0.06791, -0.09274, 0.57689,0.10551, -0.10509, 0.56436,0.13464, -0.11636, 0.53239,NaN,NaN
5.96647357940674,NaN, NaN,0.00000, 0.00000,-0.06894, -0.06880, 0.45485,0.00237, -0.08144, 0.49057,-0.02267, -0.07309, 0.54693,-0.05293, -0.07245, 0.56269,-0.09291, -0.08111, 0.55676,-0.12152, -0.10179, 0.52580,0.07800, -0.07799, 0.46458,0.00205, -0.08593, 0.49479,0.02945, -0.09208, 0.56028,0.06791, -0.09274, 0.57689,0.10551, -0.10509, 0.56436,0.13464, -0.11636, 0.53239,NaN,NaN
5.97448921203613,NaN, NaN,0.00000, 0.00000,-0.06894, -0.06880, 0.45485,0.00237, -0.08144, 0.49057,-0.02267, -0.07309, 0.54693,-0.05293, -0.07245, 0.56269,-0.09291, -0.08111, 0.55676,-0.12152, -0.10179, 0.52580,0.07800, -0.07799, 0.46458,0.00205, -0.08593, 0.49479,0.02945, -0.09208, 0.56028,0.06791, -0.09274, 0.57689,0.10551, -0.10509, 0.56436,0.13464, -0.11636, 0.53239,NaN,NaN
5.97944641113281,NaN, NaN,0.00000, 0.00000,-0.06894, -0.06880, 0.45485,0.00237, -0.08144, 0.49057,-0.02267, -0.07309, 0.54693,-0.05293, -0.07245, 0.56269,-0.09291, -0.08111, 0.55676,-0.12152, -0.10179, 0.52580,0.07800, -0.07799, 0.46458,0.00205, -0.08593, 0.49479,0.02945, -0.09208, 0.56028,0.06791, -0.09274, 0.57689,0.10551, -0.10509, 0.56436,0.13464, -0.11636, 0.53239,NaN,NaN
5.98489284515381,NaN, NaN,0.00000, 0.00000,-0.06984, -0.06859, 0.45472,0.00056, -0.08030, 0.49158,-0.02501, -0.07600, 0.54597,-0.05344, -0.07500, 0.56135,-0.09340, -0.08233, 0.55579,-0.12233, -0.10127, 0.52531,0.07846, -0.07533, 0.46546,0.00187, -0.08262, 0.49454,0.02926, -0.09062, 0.56022,0.06571, -0.09374, 0.57627,0.10303, -0.10606, 0.56417,0.13263, -0.11665, 0.53292,NaN,NaN
5.99227142333984,NaN, NaN,0.00000, 0.00000,-0.06984, -0.06859, 0.45472,0.00056, -0.08030, 0.49158,-0.02501, -0.07600, 0.54597,-0.05344, -0.07500, 0.56135,-0.09340, -0.08233, 0.55579,-0.12233, -0.10127, 0.52531,0.07846, -0.07533, 0.46546,0.00187, -0.08262, 0.49454,0.02926, -0.09062, 0.56022,0.06571, -0.09374, 0.57627,0.10303, -0.10606, 0.56417,0.13263, -0.11665, 0.53292,NaN,NaN
5.99616718292236,NaN, NaN,0.00000, 0.00000,-0.06984, -0.06859, 0.45472,0.00056, -0.08030, 0.49158,-0.02501, -0.07600, 0.54597,-0.05344, -0.07500, 0.56135,-0.09340, -0.08233, 0.55579,-0.12233, -0.10127, 0.52531,0.07846, -0.07533, 0.46546,0.00187, -0.08262, 0.49454,0.02926, -0.09062, 0.56022,0.06571, -0.09374, 0.57627,0.10303, -0.10606, 0.56417,0.13263, -0.11665, 0.53292,NaN,NaN
